6.739133131095975183e-05,8.453773012143095920e-05,7.609049779710613023e-04,8.038277520026338996e-01,-2.758550072855356361e-01,3.346282941913239495e-01,4.071717878150376557e-01
3.232413518798370536e-04,9.254718809786076405e-04,8.185749087159284324e-04,8.038277520026338996e-01,-2.758550072855356361e-01,3.346282941913239495e-01,4.071717878150376557e-01
6.643222769764918316e-04,1.332849711395912493e-04,6.842915541209446161e-04,8.038277520026338996e-01,-2.758550072855356361e-01,3.346282941913239495e-01,4.071717878150376557e-01
3.045859639530547054e-04,5.499845879423686168e-04,4.762511722487369390e-04,8.038277520026338996e-01,-2.758550072855356361e-01,3.346282941913239495e-01,4.071717878150376557e-01
8.310852925975273321e-04,9.147550484701633816e-04,9.441129693389153314e-04,8.038277520026338996e-01,-2.758550072855356361e-01,3.346282941913239495e-01,4.071717878150376557e-01
3.977834884283254773e-04,8.164650760440743003e-04,4.650254242056889547e-04,4.713143075129896942e-02,-5.819203027993401500e-01,-3.745616687937697864e-01,-7.203130886605393357e-01
2.127104893001432507e-04,4.780230000421999137e-04,6.062452519827554964e-05,4.713143075129896942e-02,-5.819203027993401500e-01,-3.745616687937697864e-01,-7.203130886605393357e-01
7.266308408867490397e-04,2.504371968221185004e-04,6.084538270306862409e-04,4.713143075129896942e-02,-5.819203027993401500e-01,-3.745616687937697864e-01,-7.203130886605393357e-01
2.562864106185586241e-04,5.056886207363786535e-04,3.625214173468250075e-05,4.713143075129896942e-02,-5.819203027993401500e-01,-3.745616687937697864e-01,-7.203130886605393357e-01
5.436548123307504863e-04,5.576759191037001465e-04,4.939621523399295418e-04,4.713143075129896942e-02,-5.819203027993401500e-01,-3.745616687937697864e-01,-7.203130886605393357e-01
6.565490982564592621e-04,7.367211822889010650e-04,6.936545073389438964e-04,3.029196492648407180e-01,8.430313920428628149e-01,2.630422420672565154e-01,-3.582548492452958810e-01
2.088879857734175056e-04,9.363985875868353773e-04,5.024774244302838673e-04,3.029196492648407180e-01,8.430313920428628149e-01,2.630422420672565154e-01,-3.582548492452958810e-01
3.156002030796665006e-04,1.209853744724067589e-04,2.371910701833610620e-04,3.029196492648407180e-01,8.430313920428628149e-01,2.630422420672565154e-01,-3.582548492452958810e-01
6.845388419176700722e-05,3.710381586357324466e-04,5.360569926917633501e-04,3.029196492648407180e-01,8.430313920428628149e-01,2.630422420672565154e-01,-3.582548492452958810e-01
4.170114737740706571e-04,6.883809652456401905e-04,5.001755661258723649e-04,3.029196492648407180e-01,8.430313920428628149e-01,2.630422420672565154e-01,-3.582548492452958810e-01
6.624105665863039109e-04,5.395451052647671705e-04,3.933133151881926639e-04,7.647954508746357405e-01,3.478117295718496371e-01,5.337921668047560519e-01,-9.581670914608132750e-02
5.694982989381449506e-04,8.064831000871369119e-04,1.179225796803250496e-04,7.647954508746357405e-01,3.478117295718496371e-01,5.337921668047560519e-01,-9.581670914608132750e-02
9.851525164637209005e-05,7.178265189608387881e-04,4.029564802273674163e-04,7.647954508746357405e-01,3.478117295718496371e-01,5.337921668047560519e-01,-9.581670914608132750e-02
4.563170862333575605e-04,1.096625335361397558e-04,4.747205756549820513e-04,7.647954508746357405e-01,3.478117295718496371e-01,5.337921668047560519e-01,-9.581670914608132750e-02
2.526775176806861400e-05,7.444006638479106581e-04,3.858840035972804804e-04,7.647954508746357405e-01,3.478117295718496371e-01,5.337921668047560519e-01,-9.581670914608132750e-02
3.092916039649665845e-04,3.290054599892626615e-04,5.491818825112339437e-04,1.976305223921165366e-01,2.995471405274474086e-01,9.166597865332334338e-01,1.759219229479253577e-01
5.181135734859038978e-04,2.543356275247716852e-04,4.469095988950655385e-04,1.976305223921165366e-01,2.995471405274474086e-01,9.166597865332334338e-01,1.759219229479253577e-01
3.482230223241897953e-04,4.282292224178955390e-04,6.696241118578074789e-04,1.976305223921165366e-01,2.995471405274474086e-01,9.166597865332334338e-01,1.759219229479253577e-01
4.084669276842609682e-04,5.941574424274029785e-04,7.052293427649801699e-04,1.976305223921165366e-01,2.995471405274474086e-01,9.166597865332334338e-01,1.759219229479253577e-01
5.098104755984391844e-04,2.578338967431304993e-04,7.942234909911361645e-05,1.976305223921165366e-01,2.995471405274474086e-01,9.166597865332334338e-01,1.759219229479253577e-01
7.058922101886788095e-04,6.033581836485309722e-04,2.021786678180159625e-04,2.516779835611701946e-02,5.463107143595736792e-01,4.272040799744982187e-01,7.200054578647169246e-01
9.703029951561705033e-04,3.797859611940525163e-04,6.239906852395698872e-04,2.516779835611701946e-02,5.463107143595736792e-01,4.272040799744982187e-01,7.200054578647169246e-01
5.540806346562499518e-04,7.800250050391088871e-05,8.055406819380639492e-04,2.516779835611701946e-02,5.463107143595736792e-01,4.272040799744982187e-01,7.200054578647169246e-01
5.968991528445847725e-04,6.957048129325793312e-04,1.356758517243388212e-04,2.516779835611701946e-02,5.463107143595736792e-01,4.272040799744982187e-01,7.200054578647169246e-01
8.549603288453094764e-04,5.551496391320098018e-04,5.158063780498348735e-04,2.516779835611701946e-02,5.463107143595736792e-01,4.272040799744982187e-01,7.200054578647169246e-01
4.218276375742529942e-04,8.679076431891364013e-04,5.290987580066952621e-05,9.382531458594401963e-01,-7.665944428293487711e-02,2.110125533815184473e-01,-2.632072685214210117e-01
6.464569206372897158e-04,2.985015569555765549e-04,5.785914505181151543e-04,9.382531458594401963e-01,-7.665944428293487711e-02,2.110125533815184473e-01,-2.632072685214210117e-01
1.229178269082557113e-04,1.074221299695242676e-04,4.133574667728525678e-04,9.382531458594401963e-01,-7.665944428293487711e-02,2.110125533815184473e-01,-2.632072685214210117e-01
9.722859440896422165e-04,7.310280042792545712e-04,7.367523855738777536e-04,9.382531458594401963e-01,-7.665944428293487711e-02,2.110125533815184473e-01,-2.632072685214210117e-01
8.749003439595545934e-04,4.998598544018906676e-04,7.879988849156286616e-04,9.382531458594401963e-01,-7.665944428293487711e-02,2.110125533815184473e-01,-2.632072685214210117e-01
1.239238363254026071e-04,2.660466287571111891e-04,6.767404603912769703e-04,3.700724039578016655e-01,-8.163750781017403702e-01,-2.473157115776299930e-01,-3.679851715628246756e-01
8.638401585666411777e-05,2.126115370392905890e-04,2.444177279805644760e-04,3.700724039578016655e-01,-8.163750781017403702e-01,-2.473157115776299930e-01,-3.679851715628246756e-01
7.161562778760538917e-04,2.918477871681845028e-04,4.712579515469679471e-04,3.700724039578016655e-01,-8.163750781017403702e-01,-2.473157115776299930e-01,-3.679851715628246756e-01
5.498862005373289031e-04,6.295551721428838902e-04,1.518728525167491964e-04,3.700724039578016655e-01,-8.163750781017403702e-01,-2.473157115776299930e-01,-3.679851715628246756e-01
7.602082569178598807e-04,4.802684665648178169e-04,7.261604291141978426e-04,3.700724039578016655e-01,-8.163750781017403702e-01,-2.473157115776299930e-01,-3.679851715628246756e-01
3.641891525396537656e-04,1.032772359992539872e-04,2.591812969865161468e-04,3.044703809437849795e-01,-7.931510408067176110e-01,2.926354891339629227e-01,4.388321821545149715e-01
4.596097886411637501e-04,3.105500550106015290e-04,3.365901540399012242e-04,3.044703809437849795e-01,-7.931510408067176110e-01,2.926354891339629227e-01,4.388321821545149715e-01
6.826453393819056697e-04,4.114765853354601980e-04,5.243563115159782882e-04,3.044703809437849795e-01,-7.931510408067176110e-01,2.926354891339629227e-01,4.388321821545149715e-01
3.117411429689759413e-04,4.834767755328360744e-04,3.605143581964759367e-04,3.044703809437849795e-01,-7.931510408067176110e-01,2.926354891339629227e-01,4.388321821545149715e-01
5.913181413872758825e-06,5.057143647771257045e-04,9.480041554461037011e-04,3.044703809437849795e-01,-7.931510408067176110e-01,2.926354891339629227e-01,4.388321821545149715e-01
5.678139920616428159e-04,3.277037670501882212e-04,1.231940930057293657e-04,4.676669419319058330e-01,-2.786358179891330056e-01,1.650619074466838088e-01,8.224380092551951682e-01
6.572704426174535942e-04,8.582370371770753044e-04,8.025813036053884618e-04,4.676669419319058330e-01,-2.786358179891330056e-01,1.650619074466838088e-01,8.224380092551951682e-01
8.328491824531381905e-04,3.706605648008938036e-04,7.564919811365931716e-04,4.676669419319058330e-01,-2.786358179891330056e-01,1.650619074466838088e-01,8.224380092551951682e-01
4.889455439938993671e-04,7.141313711293251990e-04,9.296070098092247677e-04,4.676669419319058330e-01,-2.786358179891330056e-01,1.650619074466838088e-01,8.224380092551951682e-01
4.420604723717131215e-04,3.331941121172899887e-04,5.852293383912686095e-04,4.676669419319058330e-01,-2.786358179891330056e-01,1.650619074466838088e-01,8.224380092551951682e-01
1.999541027225673129e-04,6.254735703163853515e-04,4.439696008324954687e-04,8.120322926664584884e-01,-3.745739088817948703e-01,4.437292148141208648e-01,5.832946401529723324e-02
3.392600172874500370e-04,7.553985571971822809e-04,3.296960185821995497e-05,8.120322926664584884e-01,-3.745739088817948703e-01,4.437292148141208648e-01,5.832946401529723324e-02
2.269488873664793444e-05,9.020713305180882709e-05,4.109407796594790599e-04,8.120322926664584884e-01,-3.745739088817948703e-01,4.437292148141208648e-01,5.832946401529723324e-02
7.727175351531452357e-04,2.698223476900136813e-04,5.755676681508103954e-05,8.120322926664584884e-01,-3.745739088817948703e-01,4.437292148141208648e-01,5.832946401529723324e-02
8.591779610757297727e-04,4.839859320613875250e-04,3.117909438681887074e-05,8.120322926664584884e-01,-3.745739088817948703e-01,4.437292148141208648e-01,5.832946401529723324e-02
5.218863061767400457e-04,4.525132527050055578e-04,1.585457111696658618e-04,2.217465240822990569e-01,8.511231428988037528e-01,-3.546686700756845334e-01,3.172191815546879790e-01
1.208581458441493427e-05,1.564492001236487105e-04,7.945119812131712844e-04,2.217465240822990569e-01,8.511231428988037528e-01,-3.546686700756845334e-01,3.172191815546879790e-01
7.695716962170265569e-04,2.333261404129089020e-04,7.838438672531130701e-04,2.217465240822990569e-01,8.511231428988037528e-01,-3.546686700756845334e-01,3.172191815546879790e-01
2.467276868076374798e-04,6.656010142061238389e-04,1.628744296420045088e-04,2.217465240822990569e-01,8.511231428988037528e-01,-3.546686700756845334e-01,3.172191815546879790e-01
1.289898211190777420e-04,8.936864312312370068e-04,4.337981140305036466e-06,2.217465240822990569e-01,8.511231428988037528e-01,-3.546686700756845334e-01,3.172191815546879790e-01
4.152753708629863686e-05,3.266973751894116903e-04,7.205084018548577876e-04,8.462423546137900487e-01,2.811507417854642310e-01,-4.223032899387433314e-01,1.627515559314420823e-01
1.854593375201071196e-04,9.945651447678359458e-04,4.140945776581795874e-04,8.462423546137900487e-01,2.811507417854642310e-01,-4.223032899387433314e-01,1.627515559314420823e-01
1.786018635528830031e-04,5.230673934979654383e-04,3.599440534874888062e-04,8.462423546137900487e-01,2.811507417854642310e-01,-4.223032899387433314e-01,1.627515559314420823e-01
9.076985602575102750e-04,8.219668644976119349e-05,6.845562968988927422e-04,8.462423546137900487e-01,2.811507417854642310e-01,-4.223032899387433314e-01,1.627515559314420823e-01
8.415025654795886588e-04,7.662128129514305134e-04,4.061220931196539950e-04,8.462423546137900487e-01,2.811507417854642310e-01,-4.223032899387433314e-01,1.627515559314420823e-01
7.948780663934516648e-04,4.447719734013039520e-04,4.341967521301123433e-04,8.090379002649352724e-01,3.200993807179293160e-01,-4.078506062808202604e-01,2.768608772565567810e-01
6.561985224217009322e-04,6.784278544258497351e-04,5.083684376388040299e-04,8.090379002649352724e-01,3.200993807179293160e-01,-4.078506062808202604e-01,2.768608772565567810e-01
1.669247278251716486e-04,8.019035583107252032e-04,4.618673285529041497e-04,8.090379002649352724e-01,3.200993807179293160e-01,-4.078506062808202604e-01,2.768608772565567810e-01
6.508068193185188215e-04,4.442797226100208175e-04,7.623077880386348263e-04,8.090379002649352724e-01,3.200993807179293160e-01,-4.078506062808202604e-01,2.768608772565567810e-01
5.286001764269355075e-04,7.689478244073862925e-04,6.590773595013194389e-04,8.090379002649352724e-01,3.200993807179293160e-01,-4.078506062808202604e-01,2.768608772565567810e-01
3.613323843055482837e-05,6.035934562415762360e-04,4.962191220900070499e-04,8.094305505958717672e-01,-2.076754228526476453e-01,2.792655582981345419e-01,4.729734141085193966e-01
8.761868057472825240e-04,3.612754926743492198e-04,5.348508472024338751e-04,8.094305505958717672e-01,-2.076754228526476453e-01,2.792655582981345419e-01,4.729734141085193966e-01
3.956798895362424805e-04,2.129781192157236436e-04,4.914421075437491900e-05,8.094305505958717672e-01,-2.076754228526476453e-01,2.792655582981345419e-01,4.729734141085193966e-01
2.956160457209533533e-05,6.302634242991883877e-04,2.772814859018899489e-04,8.094305505958717672e-01,-2.076754228526476453e-01,2.792655582981345419e-01,4.729734141085193966e-01
2.227696629881704613e-04,2.014166577585918601e-05,8.144130432594224624e-04,8.094305505958717672e-01,-2.076754228526476453e-01,2.792655582981345419e-01,4.729734141085193966e-01
6.718213682595586072e-05,8.433578401552170806e-04,9.340529710146002092e-04,5.466701531580104856e-01,7.336474876455053584e-01,-3.849017588996619388e-01,-1.215061459909825420e-01
3.858802869446065019e-05,8.147256846974771044e-05,9.815746848826371797e-04,5.466701531580104856e-01,7.336474876455053584e-01,-3.849017588996619388e-01,-1.215061459909825420e-01
3.948304367203248332e-05,5.992167816663307737e-05,1.719727728361404335e-04,5.466701531580104856e-01,7.336474876455053584e-01,-3.849017588996619388e-01,-1.215061459909825420e-01
3.683890184963520731e-04,8.225515366298088733e-04,5.887898124753249097e-04,5.466701531580104856e-01,7.336474876455053584e-01,-3.849017588996619388e-01,-1.215061459909825420e-01
8.929494621882170385e-04,8.778298345545539364e-04,1.115292771398033165e-04,5.466701531580104856e-01,7.336474876455053584e-01,-3.849017588996619388e-01,-1.215061459909825420e-01
4.423943835913722957e-04,7.858487546838364892e-04,1.064114882180640072e-04,2.373341373681370214e-01,-3.222839969878162347e-01,8.974975618496916496e-01,-1.852124698802390945e-01
5.955046152976639439e-05,2.208865308636595083e-04,6.537486694476868495e-04,2.373341373681370214e-01,-3.222839969878162347e-01,8.974975618496916496e-01,-1.852124698802390945e-01
9.375712490275820831e-04,1.560140880164946468e-04,1.932461002548412391e-04,2.373341373681370214e-01,-3.222839969878162347e-01,8.974975618496916496e-01,-1.852124698802390945e-01
8.790343697577736619e-04,2.524198186679411471e-04,6.679353594058877897e-04,2.373341373681370214e-01,-3.222839969878162347e-01,8.974975618496916496e-01,-1.852124698802390945e-01
4.919674556175132824e-04,5.663320444820110766e-04,4.752506290888909297e-04,2.373341373681370214e-01,-3.222839969878162347e-01,8.974975618496916496e-01,-1.852124698802390945e-01
3.653817079801211605e-04,9.362216972562797251e-04,7.214154553991417810e-04,4.952968559865210119e-01,-6.538303809947630940e-01,6.061113911505050522e-02,-5.687821614232344558e-01
3.459099439062085637e-06,3.949958815130533434e-04,4.823483992199117983e-06,4.952968559865210119e-01,-6.538303809947630940e-01,6.061113911505050522e-02,-5.687821614232344558e-01
6.760878394316758829e-04,8.966905846182302454e-04,5.486870450000018396e-04,4.952968559865210119e-01,-6.538303809947630940e-01,6.061113911505050522e-02,-5.687821614232344558e-01
4.920751860879740442e-04,2.719910794166942140e-04,7.903529510021989985e-05,4.952968559865210119e-01,-6.538303809947630940e-01,6.061113911505050522e-02,-5.687821614232344558e-01
8.736088413624805557e-04,6.797275736306597699e-04,3.381660236771776105e-04,4.952968559865210119e-01,-6.538303809947630940e-01,6.061113911505050522e-02,-5.687821614232344558e-01
2.642428010763464606e-04,8.558008830975103592e-04,2.254773767309787929e-04,3.108477435603259065e-01,-8.309141411466728355e-01,-1.868411073659237975e-01,-4.219547025027879927e-01
8.744595097335309489e-04,3.738076179505463994e-04,4.589118567027608130e-04,3.108477435603259065e-01,-8.309141411466728355e-01,-1.868411073659237975e-01,-4.219547025027879927e-01
6.301849125489767008e-04,9.259962551124630578e-04,7.505793642790641864e-04,3.108477435603259065e-01,-8.309141411466728355e-01,-1.868411073659237975e-01,-4.219547025027879927e-01
1.304160058631559415e-04,3.064091552227529453e-04,3.035418854826811563e-04,3.108477435603259065e-01,-8.309141411466728355e-01,-1.868411073659237975e-01,-4.219547025027879927e-01
3.622649859879384306e-04,4.658731931048047193e-04,2.582672408934442022e-04,3.108477435603259065e-01,-8.309141411466728355e-01,-1.868411073659237975e-01,-4.219547025027879927e-01
3.564714546494505434e-04,8.714995208478752177e-04,4.725759568241986292e-04,3.051692445209699400e-01,7.887295112445723566e-01,3.916446591442672154e-01,-3.624802770554133025e-01
4.753450860418603329e-04,8.025704561930061768e-04,7.691209155397389467e-04,3.051692445209699400e-01,7.887295112445723566e-01,3.916446591442672154e-01,-3.624802770554133025e-01
5.036751697661686570e-04,4.282635225003837958e-04,7.229205604402476467e-04,3.051692445209699400e-01,7.887295112445723566e-01,3.916446591442672154e-01,-3.624802770554133025e-01
1.913212514297152301e-04,8.310073882077807349e-04,8.502960275074371429e-04,3.051692445209699400e-01,7.887295112445723566e-01,3.916446591442672154e-01,-3.624802770554133025e-01
1.135101378302503215e-04,6.469739643149877931e-04,2.416001208789868510e-04,3.051692445209699400e-01,7.887295112445723566e-01,3.916446591442672154e-01,-3.624802770554133025e-01
6.614478620815141506e-04,4.417137719895525153e-05,6.594447978688980361e-04,3.240521685774195443e-02,5.198280363758887024e-01,4.699715003948109482e-01,7.126398131837994310e-01
1.352542382706177710e-04,1.356020984981265594e-04,9.911304534680088357e-05,3.240521685774195443e-02,5.198280363758887024e-01,4.699715003948109482e-01,7.126398131837994310e-01
8.307123625974484294e-04,2.710395699392452581e-04,2.751909427497688482e-04,3.240521685774195443e-02,5.198280363758887024e-01,4.699715003948109482e-01,7.126398131837994310e-01
2.857048614888108040e-04,7.880235086116341462e-04,3.840366352850344109e-04,3.240521685774195443e-02,5.198280363758887024e-01,4.699715003948109482e-01,7.126398131837994310e-01
2.182078391273801772e-04,3.650843725124876022e-04,5.349983415694526296e-05,3.240521685774195443e-02,5.198280363758887024e-01,4.699715003948109482e-01,7.126398131837994310e-01
9.471071251359195137e-04,4.961752961021580503e-04,5.523282744741472286e-04,1.451727226250573710e-01,4.709995431553974932e-01,3.805356156544174584e-01,-7.824812816748707434e-01
3.769642000284085821e-04,8.399916651847250657e-05,2.438360535181270921e-04,1.451727226250573710e-01,4.709995431553974932e-01,3.805356156544174584e-01,-7.824812816748707434e-01
7.957829434971503942e-04,4.319890891453678186e-04,4.368784765891826970e-04,1.451727226250573710e-01,4.709995431553974932e-01,3.805356156544174584e-01,-7.824812816748707434e-01
3.202111016931705819e-04,8.412397467204912405e-04,8.199202021355228619e-04,1.451727226250573710e-01,4.709995431553974932e-01,3.805356156544174584e-01,-7.824812816748707434e-01
9.990731870845646987e-04,4.794584078996426543e-04,8.374006241392984026e-05,1.451727226250573710e-01,4.709995431553974932e-01,3.805356156544174584e-01,-7.824812816748707434e-01
6.598914478363306427e-04,5.385085332561287495e-04,8.702003921724024184e-04,1.860123885573537472e-01,-9.045657004560425651e-01,3.154566378082411249e-01,-2.182828314924867008e-01
1.238107612105770973e-04,5.730470134457588604e-04,5.403345990819488241e-04,1.860123885573537472e-01,-9.045657004560425651e-01,3.154566378082411249e-01,-2.182828314924867008e-01
4.693478599330339648e-04,7.098037553731322696e-04,8.316305605399884268e-04,1.860123885573537472e-01,-9.045657004560425651e-01,3.154566378082411249e-01,-2.182828314924867008e-01
2.402651869958548673e-04,5.854133698133867419e-04,1.981846107749763971e-04,1.860123885573537472e-01,-9.045657004560425651e-01,3.154566378082411249e-01,-2.182828314924867008e-01
8.991751707131920594e-04,7.024787747950088368e-04,9.043757412930342405e-04,1.860123885573537472e-01,-9.045657004560425651e-01,3.154566378082411249e-01,-2.182828314924867008e-01
2.457056395378412841e-04,9.388344365546641803e-05,6.736304588195031560e-04,4.147963032791226468e-01,3.519682612377512676e-01,8.032527232972875852e-01,-2.425848972684396254e-01
5.904969694398797507e-04,8.830283295944144810e-04,7.293734074622808868e-04,4.147963032791226468e-01,3.519682612377512676e-01,8.032527232972875852e-01,-2.425848972684396254e-01
4.736129702561423481e-04,9.657623776422516720e-04,8.933270230330815935e-04,4.147963032791226468e-01,3.519682612377512676e-01,8.032527232972875852e-01,-2.425848972684396254e-01
1.017815067627577676e-04,2.569958281161826034e-04,4.800324975830278147e-04,4.147963032791226468e-01,3.519682612377512676e-01,8.032527232972875852e-01,-2.425848972684396254e-01
1.781106606117463097e-04,3.735642560656470424e-04,5.229896949087533328e-04,4.147963032791226468e-01,3.519682612377512676e-01,8.032527232972875852e-01,-2.425848972684396254e-01
5.647545362666738563e-04,9.000229122740395103e-04,3.752997705522760651e-04,9.711174541076733613e-02,-5.551941272489903101e-01,4.734615543386231362e-01,-6.768773496984229476e-01
5.523665803978374195e-04,6.662458510818653444e-04,2.985406775213011858e-04,9.711174541076733613e-02,-5.551941272489903101e-01,4.734615543386231362e-01,-6.768773496984229476e-01
2.587999073315199079e-04,8.126815842436088894e-04,1.076774482824236525e-04,9.711174541076733613e-02,-5.551941272489903101e-01,4.734615543386231362e-01,-6.768773496984229476e-01
7.640275478744281389e-04,9.991355385540628443e-04,9.694060734075032968e-04,9.711174541076733613e-02,-5.551941272489903101e-01,4.734615543386231362e-01,-6.768773496984229476e-01
3.739919332163670345e-04,7.591241225788616844e-04,5.411248418108121705e-04,9.711174541076733613e-02,-5.551941272489903101e-01,4.734615543386231362e-01,-6.768773496984229476e-01
7.041547542507976907e-04,3.942377788128936924e-05,5.088769604772987263e-04,7.463120501057445288e-01,5.359010321528395737e-01,-6.030457131000001303e-02,-3.901176313416234165e-01
7.479950581082870590e-04,1.239980781294564103e-04,8.110264464947776301e-04,7.463120501057445288e-01,5.359010321528395737e-01,-6.030457131000001303e-02,-3.901176313416234165e-01
4.256159097435993112e-04,3.528552288313496570e-04,2.303503170259082534e-04,7.463120501057445288e-01,5.359010321528395737e-01,-6.030457131000001303e-02,-3.901176313416234165e-01
4.304293351974929397e-04,2.568854765018643242e-04,5.125950968095718818e-04,7.463120501057445288e-01,5.359010321528395737e-01,-6.030457131000001303e-02,-3.901176313416234165e-01
2.947004603741978641e-04,1.455766566177394458e-04,4.440015364658521759e-04,7.463120501057445288e-01,5.359010321528395737e-01,-6.030457131000001303e-02,-3.901176313416234165e-01
3.978801329295289892e-05,1.984215546502453591e-04,9.351449577231466144e-04,3.947973092703920828e-01,-3.450421879801881531e-01,-8.111498706774967760e-01,-2.590692193344921179e-01
3.623850342978567171e-04,5.984436940023812141e-04,7.915389849168280503e-04,3.947973092703920828e-01,-3.450421879801881531e-01,-8.111498706774967760e-01,-2.590692193344921179e-01
3.312651080942341324e-05,1.040405849592331922e-04,7.592236302636824492e-04,3.947973092703920828e-01,-3.450421879801881531e-01,-8.111498706774967760e-01,-2.590692193344921179e-01
5.268947063007939748e-04,4.797717139606839606e-04,1.725056093156565129e-04,3.947973092703920828e-01,-3.450421879801881531e-01,-8.111498706774967760e-01,-2.590692193344921179e-01
5.855376540327169969e-04,5.290512600043212419e-04,4.183043466343858933e-04,3.947973092703920828e-01,-3.450421879801881531e-01,-8.111498706774967760e-01,-2.590692193344921179e-01
7.702589995668892306e-04,2.005859868831071406e-04,9.971315325219445684e-04,3.143139291917866895e-01,4.248453756123867775e-01,3.112566179333449146e-01,-7.898306644651664765e-01
8.580844734058488705e-04,8.616257352193213825e-04,8.337113997053438022e-04,3.143139291917866895e-01,4.248453756123867775e-01,3.112566179333449146e-01,-7.898306644651664765e-01
1.896044224199060571e-04,8.560598816988600245e-04,6.887172145103144993e-04,3.143139291917866895e-01,4.248453756123867775e-01,3.112566179333449146e-01,-7.898306644651664765e-01
7.965260156527431839e-06,7.691992543187564082e-04,6.476712536737246582e-04,3.143139291917866895e-01,4.248453756123867775e-01,3.112566179333449146e-01,-7.898306644651664765e-01
4.073289097417667152e-04,8.931097602434830791e-04,2.655212449043897649e-05,3.143139291917866895e-01,4.248453756123867775e-01,3.112566179333449146e-01,-7.898306644651664765e-01
2.395566349285953582e-04,4.859744516606766523e-04,3.545517504474824636e-04,8.996849220165177297e-01,-2.267114247835626262e-01,2.270581957602511025e-01,-2.959958558947050622e-01
6.957815190467264146e-04,7.935378868166953568e-04,6.652111063914421763e-04,8.996849220165177297e-01,-2.267114247835626262e-01,2.270581957602511025e-01,-2.959958558947050622e-01
4.992416599593524525e-04,5.646036248438565620e-04,7.549813709146276260e-04,8.996849220165177297e-01,-2.267114247835626262e-01,2.270581957602511025e-01,-2.959958558947050622e-01
4.223752272295566842e-05,9.095657805070995810e-04,1.900153207152572785e-04,8.996849220165177297e-01,-2.267114247835626262e-01,2.270581957602511025e-01,-2.959958558947050622e-01
3.577383306509597061e-04,7.472384141867721230e-04,8.971608442879560989e-04,8.996849220165177297e-01,-2.267114247835626262e-01,2.270581957602511025e-01,-2.959958558947050622e-01
2.781539901479783698e-04,1.559787983339837758e-04,7.488037988114681779e-05,8.783978174118821647e-01,-3.730766938946192268e-01,1.121917891898913527e-01,-2.768466313269377643e-01
1.224181983850193285e-04,6.810185163661488725e-04,4.130242210830930303e-04,8.783978174118821647e-01,-3.730766938946192268e-01,1.121917891898913527e-01,-2.768466313269377643e-01
5.883595344114992071e-04,6.209733213006915975e-04,7.719388204376043637e-05,8.783978174118821647e-01,-3.730766938946192268e-01,1.121917891898913527e-01,-2.768466313269377643e-01
4.282533854338872476e-04,9.143862806267688624e-05,9.756171733735415639e-04,8.783978174118821647e-01,-3.730766938946192268e-01,1.121917891898913527e-01,-2.768466313269377643e-01
8.630333079639503774e-04,4.229809918384083256e-04,4.527346273607303607e-04,8.783978174118821647e-01,-3.730766938946192268e-01,1.121917891898913527e-01,-2.768466313269377643e-01
8.363304647505417997e-04,2.569486319731121410e-04,1.105018100723320672e-04,4.079805381884166193e-01,2.553032979545306613e-01,2.275735804779951531e-03,8.765654154366215867e-01
9.776018082095843612e-04,9.281970551947884814e-04,8.133192608075511844e-04,4.079805381884166193e-01,2.553032979545306613e-01,2.275735804779951531e-03,8.765654154366215867e-01
5.860245013466773741e-04,9.334700916630646631e-04,1.311727514282735646e-04,4.079805381884166193e-01,2.553032979545306613e-01,2.275735804779951531e-03,8.765654154366215867e-01
3.818063787429886282e-04,7.641516585698409367e-04,6.627627256031602470e-04,4.079805381884166193e-01,2.553032979545306613e-01,2.275735804779951531e-03,8.765654154366215867e-01
3.947084240865083313e-04,4.314173584860472367e-04,3.503062066507989475e-04,4.079805381884166193e-01,2.553032979545306613e-01,2.275735804779951531e-03,8.765654154366215867e-01
9.121020104675875472e-04,8.615516554622915449e-04,5.477055080971247056e-04,5.888771834703383501e-01,2.965642284971408138e-01,3.604574824828706281e-01,-6.598058233192914956e-01
7.544698032077123799e-05,9.764004965609730205e-05,5.853146058420154174e-04,5.888771834703383501e-01,2.965642284971408138e-01,3.604574824828706281e-01,-6.598058233192914956e-01
6.436083422897120312e-04,3.685460165015418642e-04,8.548313378815886358e-05,5.888771834703383501e-01,2.965642284971408138e-01,3.604574824828706281e-01,-6.598058233192914956e-01
1.232690883827287768e-04,6.291074125421619503e-04,6.959014472955731565e-04,5.888771834703383501e-01,2.965642284971408138e-01,3.604574824828706281e-01,-6.598058233192914956e-01
2.246017971282537851e-04,1.392529758526924637e-04,1.493707460236318825e-04,5.888771834703383501e-01,2.965642284971408138e-01,3.604574824828706281e-01,-6.598058233192914956e-01
4.716931989473469576e-04,5.603766454689469712e-04,4.938465960098489382e-04,3.895372408399067621e-01,-2.621914823243729487e-01,1.588414315964194884e-02,-8.827593435311033021e-01
4.576950144968872395e-04,5.917366561183749502e-04,1.153583119744347999e-04,3.895372408399067621e-01,-2.621914823243729487e-01,1.588414315964194884e-02,-8.827593435311033021e-01
1.573361674206974424e-05,2.169588131006616760e-04,8.041400130977982590e-06,3.895372408399067621e-01,-2.621914823243729487e-01,1.588414315964194884e-02,-8.827593435311033021e-01
5.398955045550857344e-04,2.934510020499480135e-04,6.357080945451461457e-04,3.895372408399067621e-01,-2.621914823243729487e-01,1.588414315964194884e-02,-8.827593435311033021e-01
8.847365958019564984e-04,9.257979047243150095e-04,5.405424863777239875e-04,3.895372408399067621e-01,-2.621914823243729487e-01,1.588414315964194884e-02,-8.827593435311033021e-01
4.411694964834164353e-04,5.652267906879051770e-04,4.371583743156320836e-04,9.036988697873716836e-01,3.287260343038661548e-01,1.215023329208411579e-01,2.459770928575940041e-01
4.074908657929367912e-04,8.314817456096117209e-04,9.338700929822862061e-04,9.036988697873716836e-01,3.287260343038661548e-01,1.215023329208411579e-01,2.459770928575940041e-01
2.111466761076595782e-04,5.850173796907061352e-04,5.825596118090219187e-04,9.036988697873716836e-01,3.287260343038661548e-01,1.215023329208411579e-01,2.459770928575940041e-01
4.320204630443282771e-04,8.512091893938070761e-04,3.376489145380586897e-04,9.036988697873716836e-01,3.287260343038661548e-01,1.215023329208411579e-01,2.459770928575940041e-01
2.521803106050890812e-04,8.595518426169694278e-04,2.438518441785977463e-04,9.036988697873716836e-01,3.287260343038661548e-01,1.215023329208411579e-01,2.459770928575940041e-01
7.384039081902650688e-04,8.701211709817632117e-04,9.217328184282825058e-05,1.805890444650311011e-01,-8.252806667050506251e-01,-4.194359013657389390e-01,-3.322242357619087927e-01
8.912439814404958267e-04,8.566891496309567101e-04,1.905633286488357507e-04,1.805890444650311011e-01,-8.252806667050506251e-01,-4.194359013657389390e-01,-3.322242357619087927e-01
9.270988999813821766e-04,4.948817690487059776e-04,3.392057893264030966e-04,1.805890444650311011e-01,-8.252806667050506251e-01,-4.194359013657389390e-01,-3.322242357619087927e-01
4.462495780031227975e-05,7.588550883316417086e-04,6.289382402126250746e-04,1.805890444650311011e-01,-8.252806667050506251e-01,-4.194359013657389390e-01,-3.322242357619087927e-01
9.676570254889951600e-04,9.784908012607155918e-04,8.908231137780051436e-04,1.805890444650311011e-01,-8.252806667050506251e-01,-4.194359013657389390e-01,-3.322242357619087927e-01
9.680711318822747763e-04,9.598290327139630913e-04,1.228536096677090862e-05,4.137476352191442608e-01,1.397524765554702605e-02,5.407080618623295587e-01,7.322925499010728423e-01
1.899296782223758339e-04,2.122481570590568727e-04,7.252567515730809749e-04,4.137476352191442608e-01,1.397524765554702605e-02,5.407080618623295587e-01,7.322925499010728423e-01
4.414654891186410319e-04,5.197574586250081194e-04,9.730044945002870420e-04,4.137476352191442608e-01,1.397524765554702605e-02,5.407080618623295587e-01,7.322925499010728423e-01
1.610188784977917330e-04,1.249848385281226916e-04,3.984287679176404880e-04,4.137476352191442608e-01,1.397524765554702605e-02,5.407080618623295587e-01,7.322925499010728423e-01
8.426568211581395365e-04,2.928680490987545237e-04,6.333984792725444717e-04,4.137476352191442608e-01,1.397524765554702605e-02,5.407080618623295587e-01,7.322925499010728423e-01
7.209428339048384350e-04,7.784966505622034410e-04,6.766170491951324683e-04,6.825095145759119131e-01,-5.689703820997191741e-01,-1.418642383552867203e-01,4.362659792861770525e-01
8.924673860801344205e-04,1.399634529581612690e-04,9.057301206422563745e-05,6.825095145759119131e-01,-5.689703820997191741e-01,-1.418642383552867203e-01,4.362659792861770525e-01
1.141818975439008521e-04,7.380380074571233490e-04,7.256527286148700684e-04,6.825095145759119131e-01,-5.689703820997191741e-01,-1.418642383552867203e-01,4.362659792861770525e-01
1.828711652958253718e-04,9.769138923894924234e-04,6.365398720810888601e-04,6.825095145759119131e-01,-5.689703820997191741e-01,-1.418642383552867203e-01,4.362659792861770525e-01
3.614696681781448713e-04,1.418432371808402387e-04,4.145547207128433840e-04,6.825095145759119131e-01,-5.689703820997191741e-01,-1.418642383552867203e-01,4.362659792861770525e-01
4.663793601630061912e-04,2.877499612770062498e-04,7.463409918569863678e-04,7.781466880167806632e-01,5.069744772472877248e-01,-3.875936982554879003e-03,-3.707419432177340712e-01
9.965841515229849259e-04,2.001819912461746465e-04,8.280535611755142963e-04,7.781466880167806632e-01,5.069744772472877248e-01,-3.875936982554879003e-03,-3.707419432177340712e-01
1.978676397199633440e-04,8.702491950814176223e-04,2.352781380178051716e-04,7.781466880167806632e-01,5.069744772472877248e-01,-3.875936982554879003e-03,-3.707419432177340712e-01
3.416726256151950700e-04,7.583687071310341076e-04,4.559071078264246256e-04,7.781466880167806632e-01,5.069744772472877248e-01,-3.875936982554879003e-03,-3.707419432177340712e-01
5.975676862447601477e-04,8.204931630507628255e-04,5.723992711940858709e-04,7.781466880167806632e-01,5.069744772472877248e-01,-3.875936982554879003e-03,-3.707419432177340712e-01
7.318496234212327339e-04,8.172417098742697358e-04,7.435514340120158439e-04,2.076540509836138915e-01,-2.996176414806031585e-01,9.195881646212133997e-01,-1.465150897084784853e-01
7.699468851716852755e-04,9.978517472188420424e-04,8.425883344378931952e-04,2.076540509836138915e-01,-2.996176414806031585e-01,9.195881646212133997e-01,-1.465150897084784853e-01
3.873824685840610103e-04,2.049187719252628650e-04,1.960255402005612929e-04,2.076540509836138915e-01,-2.996176414806031585e-01,9.195881646212133997e-01,-1.465150897084784853e-01
2.049212860902959290e-04,2.821526030434251713e-05,3.230870485433753251e-04,2.076540509836138915e-01,-2.996176414806031585e-01,9.195881646212133997e-01,-1.465150897084784853e-01
9.971345737117404389e-04,6.401069168361232841e-04,3.845090983293536664e-04,2.076540509836138915e-01,-2.996176414806031585e-01,9.195881646212133997e-01,-1.465150897084784853e-01
4.381337650202220854e-04,8.945561893065621982e-04,6.033726351454009231e-04,8.753422072066124882e-01,3.397306688750856840e-01,8.733019219436143066e-02,3.327649777840792633e-01
5.426687629328358874e-04,8.443450946021534027e-04,2.611041654627761430e-04,8.753422072066124882e-01,3.397306688750856840e-01,8.733019219436143066e-02,3.327649777840792633e-01
8.418334341175924074e-04,2.414941810399574688e-04,9.317988597651497657e-04,8.753422072066124882e-01,3.397306688750856840e-01,8.733019219436143066e-02,3.327649777840792633e-01
1.466245195019174610e-04,2.544413975455042188e-04,9.703786723604964195e-04,8.753422072066124882e-01,3.397306688750856840e-01,8.733019219436143066e-02,3.327649777840792633e-01
9.591949134589138884e-04,2.277094600702438490e-04,5.923826742590153956e-04,8.753422072066124882e-01,3.397306688750856840e-01,8.733019219436143066e-02,3.327649777840792633e-01
5.319848782851140101e-04,9.064178937584803841e-04,9.011496353837925239e-04,3.078279442246061870e-01,-3.998447581178705135e-01,-2.905888580272212862e-01,-8.129724729353079438e-01
7.696711787434599040e-04,6.304106738813984676e-04,3.942254514931275939e-05,3.078279442246061870e-01,-3.998447581178705135e-01,-2.905888580272212862e-01,-8.129724729353079438e-01
1.087045427968654735e-04,1.058821129190009593e-04,2.357669109056770309e-05,3.078279442246061870e-01,-3.998447581178705135e-01,-2.905888580272212862e-01,-8.129724729353079438e-01
2.603367428145697646e-05,1.076534364309975636e-04,4.844322735057171516e-05,3.078279442246061870e-01,-3.998447581178705135e-01,-2.905888580272212862e-01,-8.129724729353079438e-01
4.464635802827910814e-04,4.743592817998090088e-04,8.783097472349829515e-04,3.078279442246061870e-01,-3.998447581178705135e-01,-2.905888580272212862e-01,-8.129724729353079438e-01
2.406378663784741777e-04,3.350361249386928368e-04,9.965732060962569777e-04,5.151699876444206794e-01,7.607277890846297908e-01,3.907305945241912881e-01,5.676898138623282658e-02
5.307350213964438139e-04,3.395684569969269532e-04,6.298039764920821413e-04,5.151699876444206794e-01,7.607277890846297908e-01,3.907305945241912881e-01,5.676898138623282658e-02
1.937630142446837827e-04,4.563993144786994481e-04,9.695685009000316011e-04,5.151699876444206794e-01,7.607277890846297908e-01,3.907305945241912881e-01,5.676898138623282658e-02
5.267803589141914662e-04,9.756091030020399516e-04,6.417486515035194638e-04,5.151699876444206794e-01,7.607277890846297908e-01,3.907305945241912881e-01,5.676898138623282658e-02
1.938565476178999488e-05,9.686841181779637638e-04,5.551878145735825859e-04,5.151699876444206794e-01,7.607277890846297908e-01,3.907305945241912881e-01,5.676898138623282658e-02
1.365837921948233205e-04,4.742678335490754164e-04,1.840600693058623962e-04,4.321835428563253756e-01,-2.708821774273886818e-01,7.965236182198492942e-01,3.246388098399683453e-01
3.221500004960377241e-04,6.445381716172506308e-04,5.146185161674765568e-05,4.321835428563253756e-01,-2.708821774273886818e-01,7.965236182198492942e-01,3.246388098399683453e-01
9.834002047442160985e-04,2.039449232659133044e-04,7.438143336018392723e-04,4.321835428563253756e-01,-2.708821774273886818e-01,7.965236182198492942e-01,3.246388098399683453e-01
5.377596680908810784e-04,4.888540223081708734e-04,8.546169724811793428e-04,4.321835428563253756e-01,-2.708821774273886818e-01,7.965236182198492942e-01,3.246388098399683453e-01
4.055434489684249001e-04,6.338514044840877710e-04,7.619367743916370282e-04,4.321835428563253756e-01,-2.708821774273886818e-01,7.965236182198492942e-01,3.246388098399683453e-01
7.917738755303498901e-04,8.095490628562032175e-04,8.556991767247867627e-05,3.228706730678668202e-01,-2.604969434130530725e-01,-1.408007151265571189e-01,8.989277109784797881e-01
1.574197295847972313e-04,2.694104255362227249e-04,6.986597607831466789e-04,3.228706730678668202e-01,-2.604969434130530725e-01,-1.408007151265571189e-01,8.989277109784797881e-01
2.147536998103172343e-04,3.534767638799751993e-04,7.647719371998572442e-04,3.228706730678668202e-01,-2.604969434130530725e-01,-1.408007151265571189e-01,8.989277109784797881e-01
2.868548029042182783e-04,1.894074362891452442e-04,2.683785337614505093e-04,3.228706730678668202e-01,-2.604969434130530725e-01,-1.408007151265571189e-01,8.989277109784797881e-01
2.228242960783292188e-04,2.449804045294719885e-04,9.995018379160556295e-04,3.228706730678668202e-01,-2.604969434130530725e-01,-1.408007151265571189e-01,8.989277109784797881e-01
8.362273240575862545e-04,3.706411465517486055e-04,4.205569603573878958e-04,8.999541744454374603e-01,3.207126697773727275e-01,-1.068266799535648320e-01,-2.753432908073110141e-01
6.010104549114373166e-04,3.088967709769910894e-04,3.426759659828818678e-04,8.999541744454374603e-01,3.207126697773727275e-01,-1.068266799535648320e-01,-2.753432908073110141e-01
6.441409391457942495e-05,4.929818170519685919e-04,1.667509198677116387e-04,8.999541744454374603e-01,3.207126697773727275e-01,-1.068266799535648320e-01,-2.753432908073110141e-01
1.662992891940944407e-04,4.632374466914048632e-04,2.781256210280169867e-04,8.999541744454374603e-01,3.207126697773727275e-01,-1.068266799535648320e-01,-2.753432908073110141e-01
1.589794414161987968e-04,3.149242870213020797e-05,1.268707636683408189e-06,8.999541744454374603e-01,3.207126697773727275e-01,-1.068266799535648320e-01,-2.753432908073110141e-01
8.663793267849117868e-05,7.063346080621685187e-04,2.534969822854572655e-04,1.043384934150815707e-02,5.262034254482379492e-01,3.699054266516629275e-01,7.656180935480237926e-01
8.751510310202395559e-04,6.895319695469684894e-04,3.147817226727066503e-04,1.043384934150815707e-02,5.262034254482379492e-01,3.699054266516629275e-01,7.656180935480237926e-01
4.701737703840969349e-06,6.575695936677377913e-04,7.115916468540672965e-04,1.043384934150815707e-02,5.262034254482379492e-01,3.699054266516629275e-01,7.656180935480237926e-01
6.029972226487610547e-04,7.921240432371984969e-04,5.616784993162789955e-04,1.043384934150815707e-02,5.262034254482379492e-01,3.699054266516629275e-01,7.656180935480237926e-01
2.132310495925022835e-04,3.423055474904705990e-04,8.976323794027393560e-04,1.043384934150815707e-02,5.262034254482379492e-01,3.699054266516629275e-01,7.656180935480237926e-01
6.835345902723445036e-05,4.100516028303071922e-04,3.512404170415381896e-04,2.592563152889840739e-01,-8.013845325799741071e-01,-4.194961552194444998e-01,-3.385143566829314499e-01
5.784536369920267656e-04,4.815738677267151937e-04,1.979465783930922762e-05,2.592563152889840739e-01,-8.013845325799741071e-01,-4.194961552194444998e-01,-3.385143566829314499e-01
1.954490695632179434e-04,7.748555600066264596e-05,4.388905974447715463e-04,2.592563152889840739e-01,-8.013845325799741071e-01,-4.194961552194444998e-01,-3.385143566829314499e-01
5.097926197782670253e-04,4.887392298658677520e-05,6.673362767083548331e-04,2.592563152889840739e-01,-8.013845325799741071e-01,-4.194961552194444998e-01,-3.385143566829314499e-01
1.272157544553193117e-04,7.391915785441309419e-04,9.157813798097752707e-04,2.592563152889840739e-01,-8.013845325799741071e-01,-4.194961552194444998e-01,-3.385143566829314499e-01
9.200166850439240207e-05,8.576580050016968312e-04,9.708231726731941010e-04,3.192693974594830730e-01,-7.948100187252926663e-01,1.838473256109601495e-01,4.822284177083055456e-01
2.486194414384194007e-04,6.955408280938867819e-04,8.518692621121454634e-04,3.192693974594830730e-01,-7.948100187252926663e-01,1.838473256109601495e-01,4.822284177083055456e-01
3.726066395600544827e-04,7.117548233602298113e-04,5.079083465102795928e-05,3.192693974594830730e-01,-7.948100187252926663e-01,1.838473256109601495e-01,4.822284177083055456e-01
2.309466565124211894e-04,6.859440458177254452e-04,8.269588222847444516e-04,3.192693974594830730e-01,-7.948100187252926663e-01,1.838473256109601495e-01,4.822284177083055456e-01
1.034375148182515929e-04,9.888267458554307436e-04,2.926456672148884967e-04,3.192693974594830730e-01,-7.948100187252926663e-01,1.838473256109601495e-01,4.822284177083055456e-01
1.787401625325711824e-04,8.985682380586318147e-04,9.664937106158518788e-04,6.984345616501106413e-01,-5.560427235579135097e-01,8.966108923351184812e-02,-4.415501576812942419e-01
4.551375069979837328e-04,3.119768646637698334e-04,9.867286326632883787e-04,6.984345616501106413e-01,-5.560427235579135097e-01,8.966108923351184812e-02,-4.415501576812942419e-01
8.027625332285560054e-05,8.913430812524047141e-04,9.133616029306946410e-04,6.984345616501106413e-01,-5.560427235579135097e-01,8.966108923351184812e-02,-4.415501576812942419e-01
4.792998560358916740e-04,4.588622119698853143e-04,7.506387648118684371e-04,6.984345616501106413e-01,-5.560427235579135097e-01,8.966108923351184812e-02,-4.415501576812942419e-01
1.565901115292374140e-04,6.485270465740681492e-04,5.770776320559941903e-04,6.984345616501106413e-01,-5.560427235579135097e-01,8.966108923351184812e-02,-4.415501576812942419e-01
8.577118078551716079e-05,6.693830842831541977e-04,6.851775467824808676e-04,9.589132498828406570e-02,-5.626129626598518341e-01,5.108049838221832006e-01,-6.429228387151249002e-01
3.001861680470979676e-04,4.010146280199048448e-04,4.439305887683903107e-04,9.589132498828406570e-02,-5.626129626598518341e-01,5.108049838221832006e-01,-6.429228387151249002e-01
1.432797257218257955e-04,9.457941984451719887e-04,6.155567486094847994e-04,9.589132498828406570e-02,-5.626129626598518341e-01,5.108049838221832006e-01,-6.429228387151249002e-01
3.820726075030344334e-04,8.842006511187554003e-04,7.923447173227544200e-04,9.589132498828406570e-02,-5.626129626598518341e-01,5.108049838221832006e-01,-6.429228387151249002e-01
9.140444272975969692e-04,5.221899913333254845e-04,9.290718744763274599e-04,9.589132498828406570e-02,-5.626129626598518341e-01,5.108049838221832006e-01,-6.429228387151249002e-01
9.731554711331989304e-04,4.577345024149178884e-04,7.664605776318905109e-04,8.943922269557736948e-01,-2.773755945387077482e-01,1.740077906469366387e-01,-3.047074214875018505e-01
8.769893503001001270e-04,9.114215619915133713e-04,9.037890474422442550e-04,8.943922269557736948e-01,-2.773755945387077482e-01,1.740077906469366387e-01,-3.047074214875018505e-01
5.345148431110136202e-05,5.069294453191191836e-04,9.661802806361852929e-05,8.943922269557736948e-01,-2.773755945387077482e-01,1.740077906469366387e-01,-3.047074214875018505e-01
3.559046236735041708e-05,9.950620079426754968e-04,6.056489568788026197e-04,8.943922269557736948e-01,-2.773755945387077482e-01,1.740077906469366387e-01,-3.047074214875018505e-01
7.889742741960335121e-04,3.530787921528998584e-04,9.667310162772138138e-04,8.943922269557736948e-01,-2.773755945387077482e-01,1.740077906469366387e-01,-3.047074214875018505e-01
3.203442202570687901e-04,1.594506330106710884e-04,5.070754323327175515e-05,3.648075323098953215e-01,6.667625063844978550e-02,5.449044128115846375e-01,7.520298683358429548e-01
1.784082363905126233e-04,2.083856327079124343e-04,2.012401988039450582e-04,3.648075323098953215e-01,6.667625063844978550e-02,5.449044128115846375e-01,7.520298683358429548e-01
9.093863777467265687e-04,4.911537119738124037e-04,1.701472121554554713e-04,3.648075323098953215e-01,6.667625063844978550e-02,5.449044128115846375e-01,7.520298683358429548e-01
5.090379817405174924e-04,8.602029486763258792e-04,7.661661744499692096e-04,3.648075323098953215e-01,6.667625063844978550e-02,5.449044128115846375e-01,7.520298683358429548e-01
5.181800482006288476e-04,5.189046183808462484e-04,7.694729751720654886e-04,3.648075323098953215e-01,6.667625063844978550e-02,5.449044128115846375e-01,7.520298683358429548e-01
2.234406599498446253e-04,1.765747262460837317e-04,3.311926796407954751e-04,3.494672554442744827e-01,-7.883702283865616778e-01,-3.030237570363530919e-01,-4.056126514761838053e-01
3.217275234010684762e-04,8.001441220731610703e-04,1.414343203784945821e-04,3.494672554442744827e-01,-7.883702283865616778e-01,-3.030237570363530919e-01,-4.056126514761838053e-01
3.765912673812282828e-04,5.606656007773144117e-04,6.190307211254460467e-04,3.494672554442744827e-01,-7.883702283865616778e-01,-3.030237570363530919e-01,-4.056126514761838053e-01
7.997555596941659890e-04,5.139283668708630919e-04,8.653089850554820245e-04,3.494672554442744827e-01,-7.883702283865616778e-01,-3.030237570363530919e-01,-4.056126514761838053e-01
5.341122689788580245e-05,5.882673348451002799e-04,8.695802768078934528e-04,3.494672554442744827e-01,-7.883702283865616778e-01,-3.030237570363530919e-01,-4.056126514761838053e-01
2.979955371892397688e-04,9.759436120861212120e-04,6.070404913931553214e-04,4.024580573821930352e-01,-8.456092756134966359e-01,-3.214834156813245469e-01,1.400745461760902477e-01
7.669970546437721482e-05,4.632736599647408913e-04,1.591774114642016159e-04,4.024580573821930352e-01,-8.456092756134966359e-01,-3.214834156813245469e-01,1.400745461760902477e-01
6.172609976962964646e-04,4.996516143617971573e-04,8.409002705920406388e-04,4.024580573821930352e-01,-8.456092756134966359e-01,-3.214834156813245469e-01,1.400745461760902477e-01
8.649668679685991197e-04,2.806316330186735481e-04,7.788965192097603140e-04,4.024580573821930352e-01,-8.456092756134966359e-01,-3.214834156813245469e-01,1.400745461760902477e-01
8.891947311017601302e-04,1.233831004714216497e-04,7.588928356113570700e-04,4.024580573821930352e-01,-8.456092756134966359e-01,-3.214834156813245469e-01,1.400745461760902477e-01
4.529207852653606512e-04,4.420772830108873246e-04,8.647778441181714704e-04,1.215367614408932456e-01,-8.712772203894773027e-01,-3.986276393414571184e-01,2.592312211171771685e-01
2.628999438591842559e-04,4.898339805769639848e-04,2.503635312157028565e-04,1.215367614408932456e-01,-8.712772203894773027e-01,-3.986276393414571184e-01,2.592312211171771685e-01
5.686211410559477951e-04,8.375994230314083664e-04,5.496555521842442062e-04,1.215367614408932456e-01,-8.712772203894773027e-01,-3.986276393414571184e-01,2.592312211171771685e-01
4.943066276687090206e-04,5.786245010557792461e-04,3.519226887056525610e-07,1.215367614408932456e-01,-8.712772203894773027e-01,-3.986276393414571184e-01,2.592312211171771685e-01
2.227676176094386517e-04,6.181814504528173899e-04,5.562893681973364026e-04,1.215367614408932456e-01,-8.712772203894773027e-01,-3.986276393414571184e-01,2.592312211171771685e-01
9.569696142246736240e-04,2.203056445673346050e-04,8.649622862793365438e-04,4.094379266484907687e-01,2.277869684110025716e-01,-8.186236041099388405e-01,3.321582093490454413e-01
9.208498069447340747e-04,5.595982730812913220e-04,3.637394551378332597e-04,4.094379266484907687e-01,2.277869684110025716e-01,-8.186236041099388405e-01,3.321582093490454413e-01
5.541248940511681910e-04,7.388493583503350556e-04,4.784394384274201191e-04,4.094379266484907687e-01,2.277869684110025716e-01,-8.186236041099388405e-01,3.321582093490454413e-01
8.515610914832623998e-04,5.616285293578563743e-04,2.127660765451631138e-04,4.094379266484907687e-01,2.277869684110025716e-01,-8.186236041099388405e-01,3.321582093490454413e-01
3.172082779743627960e-04,9.757386506807147952e-04,1.031910169632392935e-04,4.094379266484907687e-01,2.277869684110025716e-01,-8.186236041099388405e-01,3.321582093490454413e-01
6.830145017261329875e-04,7.301791611788926778e-04,7.755866362041308106e-04,1.155740735603348335e-01,-2.917031266095905240e-01,8.334948154841352874e-01,-4.547948020898289756e-01
6.292482960858119048e-04,7.983374986992311994e-04,7.318742079370354082e-04,1.155740735603348335e-01,-2.917031266095905240e-01,8.334948154841352874e-01,-4.547948020898289756e-01
5.354050505677995959e-04,5.943617553218671825e-04,1.621293486365198600e-04,1.155740735603348335e-01,-2.917031266095905240e-01,8.334948154841352874e-01,-4.547948020898289756e-01
1.583232672896844808e-04,2.199649744105305448e-04,9.317305620645239097e-04,1.155740735603348335e-01,-2.917031266095905240e-01,8.334948154841352874e-01,-4.547948020898289756e-01
4.820098212586126961e-04,1.621594212652349796e-04,1.203439374857084848e-04,1.155740735603348335e-01,-2.917031266095905240e-01,8.334948154841352874e-01,-4.547948020898289756e-01
4.577689895301647834e-04,9.390767485719326907e-04,9.370261632239508314e-04,2.366067324667772698e-02,-5.113153555624394553e-01,3.610283236973508281e-01,7.795225007630318670e-01
2.073055234719853985e-04,9.523852500294633164e-04,3.045683636758497043e-04,2.366067324667772698e-02,-5.113153555624394553e-01,3.610283236973508281e-01,7.795225007630318670e-01
5.968970753705126614e-04,9.752409031057546153e-04,8.779522555655133991e-04,2.366067324667772698e-02,-5.113153555624394553e-01,3.610283236973508281e-01,7.795225007630318670e-01
3.860776809257597032e-04,4.303247216745248764e-04,2.969514827481312342e-04,2.366067324667772698e-02,-5.113153555624394553e-01,3.610283236973508281e-01,7.795225007630318670e-01
3.855293216843736252e-05,5.502612644753700124e-04,6.023127863997983916e-04,2.366067324667772698e-02,-5.113153555624394553e-01,3.610283236973508281e-01,7.795225007630318670e-01
3.599405501375448936e-04,7.009567194299054895e-04,9.888289729112699662e-04,9.125182655840934354e-01,2.080127227735219797e-01,-2.026594930866094102e-01,-2.880455727860133375e-01
8.587753501022453613e-04,6.408767651028004185e-04,9.679099007353399176e-04,9.125182655840934354e-01,2.080127227735219797e-01,-2.026594930866094102e-01,-2.880455727860133375e-01
6.852906436223307448e-04,6.396837440958171288e-04,1.592851538204940250e-04,9.125182655840934354e-01,2.080127227735219797e-01,-2.026594930866094102e-01,-2.880455727860133375e-01
1.841071466411963147e-04,6.231869090960736679e-04,5.037854291188848237e-04,9.125182655840934354e-01,2.080127227735219797e-01,-2.026594930866094102e-01,-2.880455727860133375e-01
2.932947176987521411e-04,6.889306383109361498e-04,9.872840494171033869e-04,9.125182655840934354e-01,2.080127227735219797e-01,-2.026594930866094102e-01,-2.880455727860133375e-01
4.347598097418615645e-04,9.807279282736858141e-05,3.100537593695092977e-04,7.008490953472726881e-01,-4.829994878188171303e-01,-5.196933319734928780e-01,7.376232791851708437e-02
6.415094361567780798e-04,7.837618205977884027e-04,4.482928033192133785e-04,7.008490953472726881e-01,-4.829994878188171303e-01,-5.196933319734928780e-01,7.376232791851708437e-02
4.658069855669719791e-04,9.024461393650251887e-05,4.379300656639948611e-04,7.008490953472726881e-01,-4.829994878188171303e-01,-5.196933319734928780e-01,7.376232791851708437e-02
5.324837116389884509e-04,6.373315625667320364e-05,6.864971167387447530e-04,7.008490953472726881e-01,-4.829994878188171303e-01,-5.196933319734928780e-01,7.376232791851708437e-02
5.671652506609612884e-04,4.547901244179508779e-04,9.985727827498743370e-04,7.008490953472726881e-01,-4.829994878188171303e-01,-5.196933319734928780e-01,7.376232791851708437e-02
9.140031667508760572e-04,1.428646226485022085e-04,2.562806411529893217e-04,1.108119461251908522e-01,5.049096605066752952e-01,6.623412559253466503e-01,5.423015840122692444e-01
4.656379863246435150e-04,2.794154925027817556e-04,8.374745501754656766e-04,1.108119461251908522e-01,5.049096605066752952e-01,6.623412559253466503e-01,5.423015840122692444e-01
8.212050606322295792e-04,6.119838460262382951e-05,3.357974624438187904e-04,1.108119461251908522e-01,5.049096605066752952e-01,6.623412559253466503e-01,5.423015840122692444e-01
9.465190652161884020e-04,5.571537372751008983e-04,6.108589653632509652e-04,1.108119461251908522e-01,5.049096605066752952e-01,6.623412559253466503e-01,5.423015840122692444e-01
1.459169345513657956e-04,1.894150047565442677e-04,1.975997044936932438e-04,1.108119461251908522e-01,5.049096605066752952e-01,6.623412559253466503e-01,5.423015840122692444e-01
5.227554512867281121e-04,8.028898642286384042e-04,3.810818432691681634e-04,4.183398134930645940e-01,-7.171948062047049932e-01,-1.254814640462066644e-01,5.430265302730652444e-01
3.079530463135967538e-04,6.308404612228456394e-04,7.812426353764317238e-04,4.183398134930645940e-01,-7.171948062047049932e-01,-1.254814640462066644e-01,5.430265302730652444e-01
7.067302082871889605e-04,9.954459338722696296e-04,8.978755406226005247e-04,4.183398134930645940e-01,-7.171948062047049932e-01,-1.254814640462066644e-01,5.430265302730652444e-01
9.636929375533593179e-04,6.363620060563287412e-04,7.922222928764990728e-04,4.183398134930645940e-01,-7.171948062047049932e-01,-1.254814640462066644e-01,5.430265302730652444e-01
9.251458301795631618e-04,4.570528374185294320e-04,8.008764282668146516e-04,4.183398134930645940e-01,-7.171948062047049932e-01,-1.254814640462066644e-01,5.430265302730652444e-01
5.565492094413061362e-04,4.993200870677779379e-04,1.693202186922501120e-04,2.607050312280789761e-01,4.113713907199076369e-01,-3.426396291551579432e-01,8.033707426350249481e-01
1.561952820489910195e-04,8.568309100152211042e-04,4.556775489531915868e-04,2.607050312280789761e-01,4.113713907199076369e-01,-3.426396291551579432e-01,8.033707426350249481e-01
5.821020706974669012e-04,7.278639647644015399e-04,2.403396338933872070e-05,2.607050312280789761e-01,4.113713907199076369e-01,-3.426396291551579432e-01,8.033707426350249481e-01
6.948318647096479901e-04,9.839873167252705458e-04,5.018477977000481956e-04,2.607050312280789761e-01,4.113713907199076369e-01,-3.426396291551579432e-01,8.033707426350249481e-01
6.077875508761562554e-04,6.570256093761378665e-04,5.341090859251110528e-04,2.607050312280789761e-01,4.113713907199076369e-01,-3.426396291551579432e-01,8.033707426350249481e-01
8.877643117558077805e-04,2.672543766159207680e-04,6.807724324104662186e-04,4.087775282422871359e-01,-2.363831372635674388e-01,8.274980493993834285e-01,3.037612928958773884e-01
5.870404539373778570e-04,6.083601604111082885e-04,7.772190893692737003e-04,4.087775282422871359e-01,-2.363831372635674388e-01,8.274980493993834285e-01,3.037612928958773884e-01
8.159053129889974739e-04,5.030559079607420468e-04,7.256604937355656034e-04,4.087775282422871359e-01,-2.363831372635674388e-01,8.274980493993834285e-01,3.037612928958773884e-01
3.312114859662163078e-04,6.490447454499074110e-04,9.310913215235749017e-04,4.087775282422871359e-01,-2.363831372635674388e-01,8.274980493993834285e-01,3.037612928958773884e-01
9.651810933536990799e-04,1.270596753455843916e-04,8.256513541756196591e-04,4.087775282422871359e-01,-2.363831372635674388e-01,8.274980493993834285e-01,3.037612928958773884e-01
8.193076407297058585e-04,3.496324465502007907e-04,6.977569233002642660e-04,1.247269427772944167e-01,9.919616705541597357e-01,-1.706823401780913768e-02,1.280270613361163615e-02
4.058334867028348019e-04,9.867296679932030610e-04,9.533916633224213434e-04,1.247269427772944167e-01,9.919616705541597357e-01,-1.706823401780913768e-02,1.280270613361163615e-02
3.421862893658864698e-04,8.328934188441193499e-04,2.167526349564204916e-04,1.247269427772944167e-01,9.919616705541597357e-01,-1.706823401780913768e-02,1.280270613361163615e-02
6.578703450311543244e-04,6.726125532859450853e-05,3.888463883801229672e-04,1.247269427772944167e-01,9.919616705541597357e-01,-1.706823401780913768e-02,1.280270613361163615e-02
7.396721541361793266e-04,6.837277095262158516e-04,8.147387453867367809e-04,1.247269427772944167e-01,9.919616705541597357e-01,-1.706823401780913768e-02,1.280270613361163615e-02
6.513316759165111314e-04,9.612342595978498822e-04,1.794243959560650771e-04,4.932880596785617078e-01,-6.941886997063462239e-01,-5.458384395337249201e-02,5.213343872773460452e-01
8.155540520187624714e-04,2.795240954849488482e-04,5.469621854653590118e-04,4.932880596785617078e-01,-6.941886997063462239e-01,-5.458384395337249201e-02,5.213343872773460452e-01
9.944110281470364902e-05,5.556656232941698578e-04,5.115075008032357075e-04,4.932880596785617078e-01,-6.941886997063462239e-01,-5.458384395337249201e-02,5.213343872773460452e-01
8.117306137371211108e-04,9.747379537095722957e-04,2.836357118675683284e-04,4.932880596785617078e-01,-6.941886997063462239e-01,-5.458384395337249201e-02,5.213343872773460452e-01
1.322898875072188191e-04,2.429082876933592742e-04,1.924457919413619263e-04,4.932880596785617078e-01,-6.941886997063462239e-01,-5.458384395337249201e-02,5.213343872773460452e-01
3.581343356971872487e-04,4.703935376406699338e-04,3.460721420543710902e-05,1.060633964607701346e-01,-2.778734414569548061e-01,-8.712301927329534346e-01,3.905058997436207657e-01
8.737433261086058984e-04,6.594184911552032537e-04,7.964740664359986613e-04,1.060633964607701346e-01,-2.778734414569548061e-01,-8.712301927329534346e-01,3.905058997436207657e-01
4.052619232508762712e-04,5.374617231739626990e-04,3.893423379701847027e-04,1.060633964607701346e-01,-2.778734414569548061e-01,-8.712301927329534346e-01,3.905058997436207657e-01
6.911261259297554705e-04,8.043032237153797991e-04,7.634074697271021762e-04,1.060633964607701346e-01,-2.778734414569548061e-01,-8.712301927329534346e-01,3.905058997436207657e-01
1.554511555249394976e-04,8.725382411174719766e-04,3.143549610226614938e-04,1.060633964607701346e-01,-2.778734414569548061e-01,-8.712301927329534346e-01,3.905058997436207657e-01
6.016019962914561292e-04,5.152242169430732051e-05,6.851842071573775467e-04,2.965183731594326910e-01,4.209494181657261747e-01,8.548096837828806915e-01,6.464399613136273537e-02
9.605735181002838597e-04,4.610029384151832495e-04,4.097884166929480643e-04,2.965183731594326910e-01,4.209494181657261747e-01,8.548096837828806915e-01,6.464399613136273537e-02
9.718715745591727196e-04,9.580712243168949295e-04,6.456268221061900372e-04,2.965183731594326910e-01,4.209494181657261747e-01,8.548096837828806915e-01,6.464399613136273537e-02
5.703835545735382864e-04,5.735724179946837366e-04,8.130838024369078628e-04,2.965183731594326910e-01,4.209494181657261747e-01,8.548096837828806915e-01,6.464399613136273537e-02
2.811208132118555398e-04,3.542308096547708285e-04,6.555368101749154026e-04,2.965183731594326910e-01,4.209494181657261747e-01,8.548096837828806915e-01,6.464399613136273537e-02
6.552035008512436523e-04,1.480888571790935971e-04,2.741708457980624055e-04,8.261731356245774482e-02,-3.525882539128561421e-01,7.968240221309695892e-01,-4.836603978593139730e-01
5.473769727660791938e-04,3.442177521625753482e-04,1.594266485007140948e-04,8.261731356245774482e-02,-3.525882539128561421e-01,7.968240221309695892e-01,-4.836603978593139730e-01
7.198309788805587212e-04,7.989707484339388230e-04,5.725160215023766125e-04,8.261731356245774482e-02,-3.525882539128561421e-01,7.968240221309695892e-01,-4.836603978593139730e-01
1.086427561489188367e-04,5.314047735761733568e-04,1.232495398469969378e-04,8.261731356245774482e-02,-3.525882539128561421e-01,7.968240221309695892e-01,-4.836603978593139730e-01
8.396516779145754561e-04,6.877327495831572985e-04,6.857027580409791106e-04,8.261731356245774482e-02,-3.525882539128561421e-01,7.968240221309695892e-01,-4.836603978593139730e-01
1.746505360252609241e-04,8.653550097681172483e-04,9.677046144232011229e-04,3.279660019358992540e-01,-4.084977584561326203e-01,8.321000802938365304e-01,1.821464775544332781e-01
2.023873296924516693e-04,7.284732233312118032e-04,5.591949056594753111e-04,3.279660019358992540e-01,-4.084977584561326203e-01,8.321000802938365304e-01,1.821464775544332781e-01
7.531103911263442889e-04,4.903447177102670921e-05,7.555440668849098575e-04,3.279660019358992540e-01,-4.084977584561326203e-01,8.321000802938365304e-01,1.821464775544332781e-01
7.475785541684869685e-04,5.404474819123482408e-04,5.195575905871802069e-04,3.279660019358992540e-01,-4.084977584561326203e-01,8.321000802938365304e-01,1.821464775544332781e-01
2.199915561236712852e-04,5.594050613424856851e-04,6.605102026649885272e-04,3.279660019358992540e-01,-4.084977584561326203e-01,8.321000802938365304e-01,1.821464775544332781e-01
8.009089845514591553e-04,9.403415134992209289e-04,2.335560808394511250e-04,3.525904407779394401e-01,7.817541262573002303e-01,-3.230684597950230219e-01,4.002089921995446442e-01
7.440988148321112930e-04,7.928861022769446423e-04,2.735296683594162629e-04,3.525904407779394401e-01,7.817541262573002303e-01,-3.230684597950230219e-01,4.002089921995446442e-01
3.099933014338192012e-04,4.296930494220117108e-04,1.427730307165078251e-04,3.525904407779394401e-01,7.817541262573002303e-01,-3.230684597950230219e-01,4.002089921995446442e-01
9.255406138815202481e-04,4.488914055440065614e-04,5.399362990805570616e-04,3.525904407779394401e-01,7.817541262573002303e-01,-3.230684597950230219e-01,4.002089921995446442e-01
7.658368300936012688e-04,3.878194897681495066e-04,5.286106709297134750e-04,3.525904407779394401e-01,7.817541262573002303e-01,-3.230684597950230219e-01,4.002089921995446442e-01
2.571788893196958977e-04,2.513202250544488447e-04,5.367817321300902321e-04,5.639421370416337620e-01,-6.853549551886680691e-01,4.466871993688067977e-01,-1.128201993762905503e-01
9.677527211087832548e-05,1.454954031541302395e-04,3.067391124327355310e-04,5.639421370416337620e-01,-6.853549551886680691e-01,4.466871993688067977e-01,-1.128201993762905503e-01
3.527512012280440454e-04,5.193958073831811146e-04,8.800238457179719587e-04,5.639421370416337620e-01,-6.853549551886680691e-01,4.466871993688067977e-01,-1.128201993762905503e-01
5.977449807620027408e-04,1.856152619092451639e-04,8.735300199201119671e-04,5.639421370416337620e-01,-6.853549551886680691e-01,4.466871993688067977e-01,-1.128201993762905503e-01
2.488141646000472220e-04,1.031139800514645574e-04,5.642460124266402473e-04,5.639421370416337620e-01,-6.853549551886680691e-01,4.466871993688067977e-01,-1.128201993762905503e-01
9.594782534991788334e-04,8.204666405448766357e-04,7.706129136529109780e-04,2.194680105622454080e-01,3.018925764977715143e-01,9.129211436197406382e-01,1.651352479860438704e-01
5.461822652663617019e-04,6.418134704028644229e-05,3.237656142249609875e-04,2.194680105622454080e-01,3.018925764977715143e-01,9.129211436197406382e-01,1.651352479860438704e-01
7.433742949187518425e-04,7.883636081702261348e-04,8.891692272332585604e-04,2.194680105622454080e-01,3.018925764977715143e-01,9.129211436197406382e-01,1.651352479860438704e-01
2.477410867766455466e-04,5.934444252588396904e-04,9.976012027549864981e-04,2.194680105622454080e-01,3.018925764977715143e-01,9.129211436197406382e-01,1.651352479860438704e-01
9.884651827610905529e-04,1.040123872774011403e-04,6.516890378146990726e-04,2.194680105622454080e-01,3.018925764977715143e-01,9.129211436197406382e-01,1.651352479860438704e-01
4.660340213683025171e-04,4.833315364563643950e-04,9.757777124457097870e-04,8.701087156792213229e-01,3.774113216386248970e-02,2.748348878209894153e-01,4.073723288080204341e-01
8.232915785615271126e-04,7.274674659696964011e-04,9.386339772315699945e-05,8.701087156792213229e-01,3.774113216386248970e-02,2.748348878209894153e-01,4.073723288080204341e-01
6.255741875547531387e-04,2.907296629739901470e-04,1.649230110155669373e-04,8.701087156792213229e-01,3.774113216386248970e-02,2.748348878209894153e-01,4.073723288080204341e-01
6.401966586677683251e-04,1.096784282867546661e-05,4.518331362012368755e-04,8.701087156792213229e-01,3.774113216386248970e-02,2.748348878209894153e-01,4.073723288080204341e-01
6.882905228430369164e-05,6.599020536351154174e-04,9.941358396611038248e-04,8.701087156792213229e-01,3.774113216386248970e-02,2.748348878209894153e-01,4.073723288080204341e-01
4.065029270049051215e-04,1.664164691369143345e-04,9.442215761224793111e-05,4.445985260897112323e-01,-6.921051748026443295e-01,-4.384873703993880795e-02,5.669213930257523959e-01
5.995530705370684388e-04,9.279058849691912718e-04,3.747717952073881042e-05,4.445985260897112323e-01,-6.921051748026443295e-01,-4.384873703993880795e-02,5.669213930257523959e-01
9.290930854236599838e-04,5.210266178636938647e-04,6.973690061125113054e-04,4.445985260897112323e-01,-6.921051748026443295e-01,-4.384873703993880795e-02,5.669213930257523959e-01
1.582553600868770319e-04,2.454876176884454933e-04,5.987524820488880324e-04,4.445985260897112323e-01,-6.921051748026443295e-01,-4.384873703993880795e-02,5.669213930257523959e-01
7.975122902101289355e-04,8.152635629425734063e-04,3.933062212118243624e-04,4.445985260897112323e-01,-6.921051748026443295e-01,-4.384873703993880795e-02,5.669213930257523959e-01
2.278327955724211977e-04,8.973445311926624536e-04,3.701897999106455229e-04,4.711799364697700776e-01,-8.087391459174341213e-01,3.433755877035114534e-01,-7.761228703208576662e-02
2.697894478391630398e-04,9.200423158039673253e-04,1.213294290850143220e-04,4.711799364697700776e-01,-8.087391459174341213e-01,3.433755877035114534e-01,-7.761228703208576662e-02
9.005290434230208861e-04,1.497969167704943448e-04,8.090590231770212765e-04,4.711799364697700776e-01,-8.087391459174341213e-01,3.433755877035114534e-01,-7.761228703208576662e-02
9.141861833229107713e-04,5.003256804409223889e-04,7.751803200010073426e-04,4.711799364697700776e-01,-8.087391459174341213e-01,3.433755877035114534e-01,-7.761228703208576662e-02
8.541685388073316353e-04,6.544062487422442047e-04,7.435911209285575758e-04,4.711799364697700776e-01,-8.087391459174341213e-01,3.433755877035114534e-01,-7.761228703208576662e-02
1.874456786727761860e-04,9.651532583616942960e-04,6.303016172501814092e-04,1.997110793887681146e-01,2.553024100006698882e-01,9.254523601780294539e-01,1.961481411029372679e-01
6.447932508629564434e-04,3.745781414981560510e-04,2.941636571693587621e-04,1.997110793887681146e-01,2.553024100006698882e-01,9.254523601780294539e-01,1.961481411029372679e-01
8.539058242568071944e-04,8.868317012509902529e-04,4.785171780224412160e-04,1.997110793887681146e-01,2.553024100006698882e-01,9.254523601780294539e-01,1.961481411029372679e-01
3.201046533407873244e-04,5.716620159486818448e-04,3.621469751950080643e-04,1.997110793887681146e-01,2.553024100006698882e-01,9.254523601780294539e-01,1.961481411029372679e-01
5.301762269528952120e-04,9.778764980736033303e-04,1.123900457953301877e-04,1.997110793887681146e-01,2.553024100006698882e-01,9.254523601780294539e-01,1.961481411029372679e-01
1.078392466578058698e-04,7.569872714839919793e-05,6.430647955385967443e-04,3.658222124459323821e-01,-3.785856625891901306e-01,8.250331985874658214e-01,2.053466001461973223e-01
3.627193460024978741e-04,4.063966305863562470e-04,5.058517601588838428e-04,3.658222124459323821e-01,-3.785856625891901306e-01,8.250331985874658214e-01,2.053466001461973223e-01
2.173420545961413086e-04,4.796799133612852581e-04,8.618931752373506410e-04,3.658222124459323821e-01,-3.785856625891901306e-01,8.250331985874658214e-01,2.053466001461973223e-01
4.380431860661437686e-04,4.200549124207937591e-04,4.040765027238744228e-04,3.658222124459323821e-01,-3.785856625891901306e-01,8.250331985874658214e-01,2.053466001461973223e-01
7.308064239148824408e-04,2.504578752967716857e-04,9.325783134350648911e-04,3.658222124459323821e-01,-3.785856625891901306e-01,8.250331985874658214e-01,2.053466001461973223e-01
8.845292128356895033e-04,7.849055244203182813e-04,9.603788989293746354e-04,5.976852460234739067e-02,-4.142804876362228828e-01,-7.298164444332299050e-01,5.405250766297434728e-01
7.733900843659766546e-04,2.559125922491511956e-05,2.816572432862909513e-04,5.976852460234739067e-02,-4.142804876362228828e-01,-7.298164444332299050e-01,5.405250766297434728e-01
6.769147639627743664e-04,9.333971672706768913e-04,6.358690222969881015e-04,5.976852460234739067e-02,-4.142804876362228828e-01,-7.298164444332299050e-01,5.405250766297434728e-01
4.734014860307537054e-04,7.002549777140841536e-04,6.709708729710616576e-04,5.976852460234739067e-02,-4.142804876362228828e-01,-7.298164444332299050e-01,5.405250766297434728e-01
9.092685864624206957e-04,7.196510907813608070e-04,1.535330131117917853e-04,5.976852460234739067e-02,-4.142804876362228828e-01,-7.298164444332299050e-01,5.405250766297434728e-01
9.149278708372373401e-04,9.158169902932194583e-04,9.254735130110270042e-04,8.072716872465367510e-01,-3.631815318543052951e-01,-4.409801972731400843e-01,-1.481487883954249463e-01
4.873542945960367568e-04,2.132386218243569325e-04,2.332839905348845931e-04,8.072716872465367510e-01,-3.631815318543052951e-01,-4.409801972731400843e-01,-1.481487883954249463e-01
2.270325403180569834e-04,5.944534757502055022e-04,1.868071556071042576e-04,8.072716872465367510e-01,-3.631815318543052951e-01,-4.409801972731400843e-01,-1.481487883954249463e-01
2.709248250057762837e-04,5.014941441334661281e-04,2.660502498495469648e-04,8.072716872465367510e-01,-3.631815318543052951e-01,-4.409801972731400843e-01,-1.481487883954249463e-01
2.593199811139353084e-04,5.748633932284867749e-04,6.110065071827099851e-04,8.072716872465367510e-01,-3.631815318543052951e-01,-4.409801972731400843e-01,-1.481487883954249463e-01
5.269365417132654294e-05,9.512675950238230716e-04,2.002511471225946289e-04,2.509683806821254026e-01,-1.673736425149910667e-01,3.427468113117767001e-01,-8.896772218196130622e-01
4.441349555072703656e-04,9.854023281187175489e-04,6.463344745969173575e-04,2.509683806821254026e-01,-1.673736425149910667e-01,3.427468113117767001e-01,-8.896772218196130622e-01
1.447542527034906303e-05,1.874619731805271441e-04,7.762129701082661534e-04,2.509683806821254026e-01,-1.673736425149910667e-01,3.427468113117767001e-01,-8.896772218196130622e-01
5.734706466619960558e-04,9.762357698626418371e-04,8.221744457920487350e-04,2.509683806821254026e-01,-1.673736425149910667e-01,3.427468113117767001e-01,-8.896772218196130622e-01
9.443048794700599057e-04,9.655461143735135504e-04,9.462807623299761359e-04,2.509683806821254026e-01,-1.673736425149910667e-01,3.427468113117767001e-01,-8.896772218196130622e-01
7.072212863696561349e-04,4.210270274575364947e-04,6.485766868629363113e-04,8.891570291365117340e-01,4.407049118944252886e-01,9.047355876886033210e-02,-8.362710884011681500e-02
7.568323166876956328e-05,7.246416874351566942e-04,5.737391878497680522e-04,8.891570291365117340e-01,4.407049118944252886e-01,9.047355876886033210e-02,-8.362710884011681500e-02
3.169178613411405580e-04,8.860394789201567114e-04,4.651103676508241427e-04,8.891570291365117340e-01,4.407049118944252886e-01,9.047355876886033210e-02,-8.362710884011681500e-02
8.575756854276499284e-04,3.964735963975128067e-04,5.008411319580108410e-05,8.891570291365117340e-01,4.407049118944252886e-01,9.047355876886033210e-02,-8.362710884011681500e-02
5.995698537569207291e-04,1.776655725740716794e-04,4.572662856201631636e-04,8.891570291365117340e-01,4.407049118944252886e-01,9.047355876886033210e-02,-8.362710884011681500e-02
6.359321904313301787e-04,5.983769985806899980e-04,1.467306797252745465e-04,1.160871029431299363e-02,-5.155427245186229301e-01,3.807538824082763451e-01,7.675333335251587341e-01
9.823592286022052311e-04,2.270681155734510933e-04,7.055351149337174641e-04,1.160871029431299363e-02,-5.155427245186229301e-01,3.807538824082763451e-01,7.675333335251587341e-01
4.558244248973527808e-04,8.548276659166629101e-04,1.087032384587669528e-04,1.160871029431299363e-02,-5.155427245186229301e-01,3.807538824082763451e-01,7.675333335251587341e-01
3.360708089131347713e-04,1.002037826908342934e-04,5.651766665500198477e-04,1.160871029431299363e-02,-5.155427245186229301e-01,3.807538824082763451e-01,7.675333335251587341e-01
9.894115814604415807e-04,6.173695585967415526e-04,5.211090331489605333e-04,1.160871029431299363e-02,-5.155427245186229301e-01,3.807538824082763451e-01,7.675333335251587341e-01
7.658324480176803908e-04,9.582364683300843540e-04,7.629614308514256517e-04,8.051795881687324741e-01,3.665368861041667370e-01,4.293645704888248149e-01,-1.816111437396900896e-01
3.727392863570505631e-04,9.969078650361757211e-04,9.112504450082149071e-04,8.051795881687324741e-01,3.665368861041667370e-01,4.293645704888248149e-01,-1.816111437396900896e-01
1.659793522720465325e-05,7.494879496752659053e-04,1.830232263305697845e-07,8.051795881687324741e-01,3.665368861041667370e-01,4.293645704888248149e-01,-1.816111437396900896e-01
9.246710320381765387e-04,4.143365524990184445e-04,1.987700545890878033e-04,8.051795881687324741e-01,3.665368861041667370e-01,4.293645704888248149e-01,-1.816111437396900896e-01
1.801046026275060518e-04,7.083453085975371542e-04,7.657392033156879430e-04,8.051795881687324741e-01,3.665368861041667370e-01,4.293645704888248149e-01,-1.816111437396900896e-01
6.274108765600815846e-04,4.755166020795121066e-04,5.842086643813917133e-04,7.393191828698242318e-01,-5.419096526766067345e-01,-7.688653285988926445e-02,3.922110850567588347e-01
2.307332995010724563e-05,4.233836817222577415e-04,8.663814357131514833e-04,7.393191828698242318e-01,-5.419096526766067345e-01,-7.688653285988926445e-02,3.922110850567588347e-01
4.158795998900122247e-05,4.602328017582289071e-04,9.672993355515754812e-04,7.393191828698242318e-01,-5.419096526766067345e-01,-7.688653285988926445e-02,3.922110850567588347e-01
8.701789447140940515e-04,4.567084875229193925e-04,6.029453618325955914e-04,7.393191828698242318e-01,-5.419096526766067345e-01,-7.688653285988926445e-02,3.922110850567588347e-01
5.950739248037417240e-04,1.139272944776216175e-04,4.848651130324122200e-04,7.393191828698242318e-01,-5.419096526766067345e-01,-7.688653285988926445e-02,3.922110850567588347e-01
2.502417385659092821e-04,1.702165170169719303e-04,4.767414179338552564e-04,4.231543914746199175e-01,3.916962092335780632e-01,-1.779664816253823112e-01,7.973972485942445454e-01
1.557700727884503509e-04,6.055671511457163831e-04,1.689092148625448485e-05,4.231543914746199175e-01,3.916962092335780632e-01,-1.779664816253823112e-01,7.973972485942445454e-01
1.469213745650832666e-04,2.316334684773523392e-04,5.599549369680041459e-04,4.231543914746199175e-01,3.916962092335780632e-01,-1.779664816253823112e-01,7.973972485942445454e-01
8.097715632659500864e-04,7.267191027010022359e-04,8.700389385454083361e-04,4.231543914746199175e-01,3.916962092335780632e-01,-1.779664816253823112e-01,7.973972485942445454e-01
7.779304508662276811e-05,7.845489461090878131e-04,1.270342422498386145e-04,4.231543914746199175e-01,3.916962092335780632e-01,-1.779664816253823112e-01,7.973972485942445454e-01
1.366152403029472515e-04,4.479784178342969192e-04,6.939503227650462795e-04,3.226314285351221112e-01,-4.505278247487962129e-01,-8.267653242935905089e-01,-9.691614413614800527e-02
8.179934426602212356e-04,7.669760088658675095e-04,1.669522386753141826e-04,3.226314285351221112e-01,-4.505278247487962129e-01,-8.267653242935905089e-01,-9.691614413614800527e-02
2.775930633475498315e-04,5.422110810511256802e-04,2.233554159067135882e-04,3.226314285351221112e-01,-4.505278247487962129e-01,-8.267653242935905089e-01,-9.691614413614800527e-02
6.146359568924529559e-04,5.447044164288735021e-04,5.541899196050972202e-04,3.226314285351221112e-01,-4.505278247487962129e-01,-8.267653242935905089e-01,-9.691614413614800527e-02
8.766789280459125634e-04,8.815551232951941620e-04,2.351801152295221941e-04,3.226314285351221112e-01,-4.505278247487962129e-01,-8.267653242935905089e-01,-9.691614413614800527e-02
2.898323671802097525e-04,7.617998371108555301e-04,5.142038473356473627e-04,3.780041897077434654e-01,3.120757057535097356e-01,-8.090546489725343182e-01,3.242717400850255172e-01
3.523793811657659376e-04,1.039972238339668107e-04,5.939190666829120575e-04,3.780041897077434654e-01,3.120757057535097356e-01,-8.090546489725343182e-01,3.242717400850255172e-01
7.379816124286675604e-05,7.767436390017278197e-04,6.774468333308808141e-04,3.780041897077434654e-01,3.120757057535097356e-01,-8.090546489725343182e-01,3.242717400850255172e-01
4.476474236520779017e-04,2.414943600757492217e-04,7.491213067719825446e-04,3.780041897077434654e-01,3.120757057535097356e-01,-8.090546489725343182e-01,3.242717400850255172e-01
7.112069509199181800e-06,8.653231826171971708e-04,3.984505137281713397e-04,3.780041897077434654e-01,3.120757057535097356e-01,-8.090546489725343182e-01,3.242717400850255172e-01
4.357293849699395410e-05,5.413531578697145397e-04,7.289092693144539269e-05,1.890315340883781947e-01,-2.945891445993989999e-01,9.187967471977891432e-01,-1.824742511784900045e-01
2.225544657536028374e-04,7.244210825260192707e-04,6.966551779733703249e-04,1.890315340883781947e-01,-2.945891445993989999e-01,9.187967471977891432e-01,-1.824742511784900045e-01
3.826110749529114852e-04,5.624410552141330746e-04,5.808023126113599213e-04,1.890315340883781947e-01,-2.945891445993989999e-01,9.187967471977891432e-01,-1.824742511784900045e-01
5.267214041377682411e-04,4.393850849286194031e-04,7.955948952763843311e-04,1.890315340883781947e-01,-2.945891445993989999e-01,9.187967471977891432e-01,-1.824742511784900045e-01
6.074692100771747526e-04,1.136031215418087387e-05,4.273125634620188553e-04,1.890315340883781947e-01,-2.945891445993989999e-01,9.187967471977891432e-01,-1.824742511784900045e-01
1.717239567040814709e-04,4.144165653021044684e-04,1.817742273552536267e-04,3.278682263091395321e-01,8.095768041970787809e-01,-2.949320396197361305e-01,3.874311761960905209e-01
4.924240623547990452e-04,6.861654885387439380e-04,9.349020960292582635e-04,3.278682263091395321e-01,8.095768041970787809e-01,-2.949320396197361305e-01,3.874311761960905209e-01
5.658177091019378740e-05,9.726119053195068226e-04,6.435197066134821934e-04,3.278682263091395321e-01,8.095768041970787809e-01,-2.949320396197361305e-01,3.874311761960905209e-01
6.216771566981501738e-04,9.836805535169301405e-05,2.435165059990961295e-04,3.278682263091395321e-01,8.095768041970787809e-01,-2.949320396197361305e-01,3.874311761960905209e-01
9.199144436127968619e-04,1.707256060461470669e-04,2.188355488323854236e-04,3.278682263091395321e-01,8.095768041970787809e-01,-2.949320396197361305e-01,3.874311761960905209e-01
5.870260918657613496e-04,1.787212921363400334e-04,5.809651069993038586e-04,4.268275424605125212e-01,2.142471123685113499e-01,8.058851693019419837e-01,-3.499507361587541610e-01
4.969847188191578262e-05,1.755286377409629481e-04,2.179976792026595486e-04,4.268275424605125212e-01,2.142471123685113499e-01,8.058851693019419837e-01,-3.499507361587541610e-01
6.664700583467688842e-04,7.324572361245205955e-04,3.113586055189170401e-04,4.268275424605125212e-01,2.142471123685113499e-01,8.058851693019419837e-01,-3.499507361587541610e-01
1.963609233872040173e-04,6.332713433233896037e-04,3.207155553360284731e-04,4.268275424605125212e-01,2.142471123685113499e-01,8.058851693019419837e-01,-3.499507361587541610e-01
3.060165750220603955e-04,8.680642046300930236e-04,1.683776158194812014e-04,4.268275424605125212e-01,2.142471123685113499e-01,8.058851693019419837e-01,-3.499507361587541610e-01
2.811654211170137060e-04,3.404049453586797274e-04,5.493302738604374747e-04,2.074238280563952264e-01,7.922479845042001978e-01,-4.353985307034370367e-01,3.738269734312275050e-01
6.731217402532457946e-04,9.965841441703664118e-04,7.770518384224678029e-04,2.074238280563952264e-01,7.922479845042001978e-01,-4.353985307034370367e-01,3.738269734312275050e-01
9.795368385804997802e-04,6.634411721461676206e-04,4.461602832824389806e-04,2.074238280563952264e-01,7.922479845042001978e-01,-4.353985307034370367e-01,3.738269734312275050e-01
1.099137300537644877e-04,3.696590392885072815e-04,8.975228062904070433e-04,2.074238280563952264e-01,7.922479845042001978e-01,-4.353985307034370367e-01,3.738269734312275050e-01
5.744366007149880613e-04,2.607016091576582991e-04,7.277224124023860949e-04,2.074238280563952264e-01,7.922479845042001978e-01,-4.353985307034370367e-01,3.738269734312275050e-01
8.335152005873003008e-04,6.076590191244719483e-04,6.629699937091924206e-04,3.626665352902166406e-01,4.030397835731776568e-01,-8.239451397437693725e-01,1.647614145681466080e-01
2.209271156953651746e-04,1.847990996148900439e-04,2.996702441823898390e-04,3.626665352902166406e-01,4.030397835731776568e-01,-8.239451397437693725e-01,1.647614145681466080e-01
6.013568476404163195e-05,5.640361509162204572e-04,1.706693520612296991e-04,3.626665352902166406e-01,4.030397835731776568e-01,-8.239451397437693725e-01,1.647614145681466080e-01
2.693750619222445825e-05,3.963605525974545096e-04,8.458850893163711356e-04,3.626665352902166406e-01,4.030397835731776568e-01,-8.239451397437693725e-01,1.647614145681466080e-01
7.668260975472909573e-04,1.955531249214706045e-04,4.445582718059737463e-05,3.626665352902166406e-01,4.030397835731776568e-01,-8.239451397437693725e-01,1.647614145681466080e-01
6.024347011453660495e-04,1.216613965659124591e-04,3.923605117596621174e-04,1.955582297976840023e-01,3.287040608429863675e-01,9.071798175636605066e-01,1.753151383905286465e-01
6.272595408251765460e-04,6.323163174353670091e-04,7.838312476868778680e-04,1.955582297976840023e-01,3.287040608429863675e-01,9.071798175636605066e-01,1.753151383905286465e-01
6.904598629553087034e-04,3.463654379007619245e-05,5.069810934458070717e-04,1.955582297976840023e-01,3.287040608429863675e-01,9.071798175636605066e-01,1.753151383905286465e-01
1.999845887164464165e-04,1.855194423712744963e-04,8.975614470006389308e-04,1.955582297976840023e-01,3.287040608429863675e-01,9.071798175636605066e-01,1.753151383905286465e-01
3.867700318132748726e-04,9.350353448239346731e-04,5.253586004892119103e-05,1.955582297976840023e-01,3.287040608429863675e-01,9.071798175636605066e-01,1.753151383905286465e-01
3.950361460741596349e-04,6.334749508728776965e-04,5.768860065072271360e-04,4.415718700880780223e-01,-3.024351898852404852e-01,1.457147932868000512e-02,-8.445915648739158454e-01
6.272737911580184619e-05,5.863035754243206468e-04,2.654357935240755592e-04,4.415718700880780223e-01,-3.024351898852404852e-01,1.457147932868000512e-02,-8.445915648739158454e-01
9.511198907626594330e-04,9.114912192752015708e-04,2.284777544812988223e-04,4.415718700880780223e-01,-3.024351898852404852e-01,1.457147932868000512e-02,-8.445915648739158454e-01
8.179069493746285793e-04,3.999864993420574645e-04,4.402030836436632440e-04,4.415718700880780223e-01,-3.024351898852404852e-01,1.457147932868000512e-02,-8.445915648739158454e-01
9.612763388283593075e-04,3.321374564669921157e-04,2.195803694715991029e-04,4.415718700880780223e-01,-3.024351898852404852e-01,1.457147932868000512e-02,-8.445915648739158454e-01
3.610420603762257781e-04,7.824626047537065754e-04,7.570415317290215629e-04,6.663015691755429515e-01,3.226448436406453291e-01,1.714604752863219117e-01,-6.500337138955958327e-01
2.751311699603151552e-04,9.110635397958183291e-04,6.792896237408186462e-05,6.663015691755429515e-01,3.226448436406453291e-01,1.714604752863219117e-01,-6.500337138955958327e-01
1.355189149597135871e-05,6.860674294486679816e-04,9.963490708879228080e-04,6.663015691755429515e-01,3.226448436406453291e-01,1.714604752863219117e-01,-6.500337138955958327e-01
2.626757885000534734e-04,6.046627173492521079e-04,1.741845871915947974e-04,6.663015691755429515e-01,3.226448436406453291e-01,1.714604752863219117e-01,-6.500337138955958327e-01
8.074787192744760627e-04,8.934132003703196398e-04,2.713370064868361005e-04,6.663015691755429515e-01,3.226448436406453291e-01,1.714604752863219117e-01,-6.500337138955958327e-01
9.697265151722792584e-04,6.908029301288796421e-04,1.488375590322440513e-04,3.651437971093799417e-01,-8.736663106224898945e-01,2.848382241501383194e-01,-1.491454698568698001e-01
4.071536187984326296e-05,6.175017729524184427e-04,7.643323013731618317e-04,3.651437971093799417e-01,-8.736663106224898945e-01,2.848382241501383194e-01,-1.491454698568698001e-01
8.251690631338048790e-04,1.159991648610764220e-04,9.209137619224575097e-04,3.651437971093799417e-01,-8.736663106224898945e-01,2.848382241501383194e-01,-1.491454698568698001e-01
2.303164715169603186e-05,8.278900169840800122e-04,5.808016493005823061e-04,3.651437971093799417e-01,-8.736663106224898945e-01,2.848382241501383194e-01,-1.491454698568698001e-01
7.369491174859643787e-05,9.911717420596653436e-04,2.661303879168295194e-04,3.651437971093799417e-01,-8.736663106224898945e-01,2.848382241501383194e-01,-1.491454698568698001e-01
1.355192389745132344e-04,9.378205928852475321e-04,7.687383841813725171e-04,7.966748781644938937e-01,3.446490622218900124e-01,4.947375100187598740e-01,-4.196377713693178607e-02
3.792632372426943117e-04,9.359037342494700091e-04,8.676355544137758034e-04,7.966748781644938937e-01,3.446490622218900124e-01,4.947375100187598740e-01,-4.196377713693178607e-02
1.364426303173153971e-04,5.219630041942723876e-04,2.299483236150231538e-04,7.966748781644938937e-01,3.446490622218900124e-01,4.947375100187598740e-01,-4.196377713693178607e-02
6.356047375184199332e-04,1.059113716764474822e-04,5.402116382634087818e-04,7.966748781644938937e-01,3.446490622218900124e-01,4.947375100187598740e-01,-4.196377713693178607e-02
6.613345551794098985e-04,5.158788745331739558e-04,9.917688433958911799e-04,7.966748781644938937e-01,3.446490622218900124e-01,4.947375100187598740e-01,-4.196377713693178607e-02
7.542980999978991016e-04,6.816748613414132935e-04,5.744764286860368436e-04,2.934169169972498589e-02,-5.408913095401498561e-01,-4.163825101152475172e-01,7.302063144497353830e-01
5.214124843320468682e-04,4.673383335950890291e-04,7.628100023189758995e-04,2.934169169972498589e-02,-5.408913095401498561e-01,-4.163825101152475172e-01,7.302063144497353830e-01
4.879028720403918475e-04,8.983621590840963622e-04,3.956189109533180199e-04,2.934169169972498589e-02,-5.408913095401498561e-01,-4.163825101152475172e-01,7.302063144497353830e-01
1.182136551361125972e-04,4.645680731304724771e-05,1.177810944808146406e-04,2.934169169972498589e-02,-5.408913095401498561e-01,-4.163825101152475172e-01,7.302063144497353830e-01
3.652893253098768878e-04,3.776290150155967701e-04,2.676701693951490752e-04,2.934169169972498589e-02,-5.408913095401498561e-01,-4.163825101152475172e-01,7.302063144497353830e-01
4.304731809812272479e-04,8.363302002216858400e-04,8.394930161679598412e-04,8.780695090180758999e-01,-3.815518190862877135e-01,1.138651032660003282e-01,-2.654183206617868329e-01
4.752782305444813856e-04,8.625741718242722162e-04,8.563537025579318800e-04,8.780695090180758999e-01,-3.815518190862877135e-01,1.138651032660003282e-01,-2.654183206617868329e-01
4.347567661786568786e-04,8.382183671626798746e-04,7.011065949696749329e-04,8.780695090180758999e-01,-3.815518190862877135e-01,1.138651032660003282e-01,-2.654183206617868329e-01
8.219087342110309945e-05,7.614915120906557864e-04,7.858375940525278228e-04,8.780695090180758999e-01,-3.815518190862877135e-01,1.138651032660003282e-01,-2.654183206617868329e-01
9.292678487323703055e-04,8.458412124599711196e-04,5.519989439516159247e-04,8.780695090180758999e-01,-3.815518190862877135e-01,1.138651032660003282e-01,-2.654183206617868329e-01
4.826815862385839314e-04,4.560914576276728924e-04,4.666128652117500480e-04,5.441706844324052383e-01,7.564451495807682502e-01,3.532956897691119647e-01,8.277171902687593952e-02
1.815605790392066279e-04,3.254996137040617804e-04,5.865311735378071160e-04,5.441706844324052383e-01,7.564451495807682502e-01,3.532956897691119647e-01,8.277171902687593952e-02
6.584643891007420672e-04,4.667703090432995147e-05,4.997703935401787102e-04,5.441706844324052383e-01,7.564451495807682502e-01,3.532956897691119647e-01,8.277171902687593952e-02
8.978040936357772851e-04,9.503292884974428147e-04,3.941567924789565335e-04,5.441706844324052383e-01,7.564451495807682502e-01,3.532956897691119647e-01,8.277171902687593952e-02
3.623323505549687199e-04,4.879250806618261782e-04,4.411912015404272623e-04,5.441706844324052383e-01,7.564451495807682502e-01,3.532956897691119647e-01,8.277171902687593952e-02
2.506705250624841229e-05,4.343116733911725176e-04,3.788269575377571142e-04,3.598046324948228625e-01,2.150597512914285969e-01,1.594347012074910086e-01,8.937955615579059598e-01
6.058840441040236032e-04,4.574325025279278741e-04,1.314475321657706554e-04,3.598046324948228625e-01,2.150597512914285969e-01,1.594347012074910086e-01,8.937955615579059598e-01
6.431469678141330188e-04,5.931669408673626498e-04,9.429306213048758468e-04,3.598046324948228625e-01,2.150597512914285969e-01,1.594347012074910086e-01,8.937955615579059598e-01
4.880531924391937689e-04,5.470969640793678325e-04,2.068736476521260169e-04,3.598046324948228625e-01,2.150597512914285969e-01,1.594347012074910086e-01,8.937955615579059598e-01
6.391999450236856249e-04,1.614253097103568414e-04,3.413121612507179388e-04,3.598046324948228625e-01,2.150597512914285969e-01,1.594347012074910086e-01,8.937955615579059598e-01
9.070722326680775993e-04,2.730747055495892335e-04,4.829468792322749791e-04,2.258202854659016601e-01,2.939823734580356285e-01,9.161782469037030863e-01,1.523055569194244341e-01
5.845550910976657095e-04,4.217362809449057694e-04,1.902700661129697193e-05,2.258202854659016601e-01,2.939823734580356285e-01,9.161782469037030863e-01,1.523055569194244341e-01
4.228883708413585510e-04,5.908307143585747687e-04,4.290153234082043896e-04,2.258202854659016601e-01,2.939823734580356285e-01,9.161782469037030863e-01,1.523055569194244341e-01
1.265090364528709320e-05,6.937663570861585596e-05,3.334100428136939093e-04,2.258202854659016601e-01,2.939823734580356285e-01,9.161782469037030863e-01,1.523055569194244341e-01
7.757047011688408692e-04,9.703915987913211329e-04,6.930111365640866409e-04,2.258202854659016601e-01,2.939823734580356285e-01,9.161782469037030863e-01,1.523055569194244341e-01
1.190301027860030201e-04,9.272597968938827437e-04,1.057772925701395701e-04,5.962059460961636193e-01,-6.176449898865347121e-01,-8.135102691643406048e-02,5.063942601642344998e-01
2.073490055040444415e-04,2.407056337558410939e-04,7.231705668689317624e-04,5.962059460961636193e-01,-6.176449898865347121e-01,-8.135102691643406048e-02,5.063942601642344998e-01
3.290337608339259775e-04,9.741696881141625368e-04,1.840949638932307651e-04,5.962059460961636193e-01,-6.176449898865347121e-01,-8.135102691643406048e-02,5.063942601642344998e-01
7.447536172649244120e-04,4.535662638890100096e-04,3.286452444837086907e-04,5.962059460961636193e-01,-6.176449898865347121e-01,-8.135102691643406048e-02,5.063942601642344998e-01
8.063457176282751420e-04,7.439963531814930810e-04,1.483270931751965534e-04,5.962059460961636193e-01,-6.176449898865347121e-01,-8.135102691643406048e-02,5.063942601642344998e-01
8.857190360430587097e-04,5.991535760668401187e-04,8.304726717112139540e-04,4.759969015320240082e-01,6.708276409682859542e-01,5.968065559455927593e-02,5.655576409108453717e-01
2.181643997798330379e-04,1.956789986325835470e-04,3.448058129190387819e-04,4.759969015320240082e-01,6.708276409682859542e-01,5.968065559455927593e-02,5.655576409108453717e-01
6.290317829795057233e-04,9.409828562017874586e-05,7.517312043852446800e-04,4.759969015320240082e-01,6.708276409682859542e-01,5.968065559455927593e-02,5.655576409108453717e-01
2.404970764180447373e-08,6.063341232295514941e-04,1.912426230047513810e-04,4.759969015320240082e-01,6.708276409682859542e-01,5.968065559455927593e-02,5.655576409108453717e-01
9.699027358340087676e-04,4.381704863152922230e-04,6.009345756551046558e-04,4.759969015320240082e-01,6.708276409682859542e-01,5.968065559455927593e-02,5.655576409108453717e-01
6.789677383563275418e-05,9.527679467052885785e-04,6.402296326388336525e-04,2.028738098287378444e-01,-4.210116710162073450e-01,-3.355416743188786577e-01,-8.179261427225550385e-01
4.434867494501069430e-04,3.877910607313838037e-04,3.235061881653777992e-04,2.028738098287378444e-01,-4.210116710162073450e-01,-3.355416743188786577e-01,-8.179261427225550385e-01
4.735352678291799753e-04,4.989028787160850993e-04,6.347748134284743760e-04,2.028738098287378444e-01,-4.210116710162073450e-01,-3.355416743188786577e-01,-8.179261427225550385e-01
2.233251128092803570e-04,7.832872669793701677e-04,5.826873847234459311e-06,2.028738098287378444e-01,-4.210116710162073450e-01,-3.355416743188786577e-01,-8.179261427225550385e-01
4.266619475194436567e-04,6.294865557768198130e-04,5.826425644270188725e-04,2.028738098287378444e-01,-4.210116710162073450e-01,-3.355416743188786577e-01,-8.179261427225550385e-01
6.199955513701458591e-04,5.040785573322426473e-05,8.612307453152079535e-05,4.339761394983074894e-01,-8.898670520448803689e-02,5.536708941108690052e-01,-7.051202859494727360e-01
3.660588180169470915e-04,3.336310857585997975e-04,9.136566324985501662e-04,4.339761394983074894e-01,-8.898670520448803689e-02,5.536708941108690052e-01,-7.051202859494727360e-01
9.609731759790094167e-04,5.205669335188623122e-05,4.821647671739437435e-05,4.339761394983074894e-01,-8.898670520448803689e-02,5.536708941108690052e-01,-7.051202859494727360e-01
5.957802013850722108e-04,1.495894626365968857e-04,5.616184151866546442e-04,4.339761394983074894e-01,-8.898670520448803689e-02,5.536708941108690052e-01,-7.051202859494727360e-01
7.019270961458351932e-04,4.483091078967627253e-05,7.241043893827488545e-04,4.339761394983074894e-01,-8.898670520448803689e-02,5.536708941108690052e-01,-7.051202859494727360e-01
3.110937311311573776e-04,2.950773140374315646e-04,1.840713618823739545e-04,2.957819165238350090e-01,1.816829365633441662e-01,2.514944817740755179e-01,9.034682584664477378e-01
6.313977887237867074e-04,8.056332241794176945e-04,6.466512064723352543e-04,2.957819165238350090e-01,1.816829365633441662e-01,2.514944817740755179e-01,9.034682584664477378e-01
3.114607995036560448e-04,8.943339239413567766e-04,1.267688434177523086e-04,2.957819165238350090e-01,1.816829365633441662e-01,2.514944817740755179e-01,9.034682584664477378e-01
9.422269226362820459e-04,4.990225998523648357e-04,3.695605918207125595e-04,2.957819165238350090e-01,1.816829365633441662e-01,2.514944817740755179e-01,9.034682584664477378e-01
7.411939481354979731e-04,2.266759523116839315e-04,4.810609850230986831e-04,2.957819165238350090e-01,1.816829365633441662e-01,2.514944817740755179e-01,9.034682584664477378e-01
6.591183966751964747e-04,5.365468955927257897e-04,6.046268882774706024e-04,8.940573489797810636e-01,3.507596918182567802e-01,-1.000907965892541412e-01,-2.600210140910459433e-01
9.539858579958905029e-05,5.233631378787364195e-04,9.985082933438918767e-04,8.940573489797810636e-01,3.507596918182567802e-01,-1.000907965892541412e-01,-2.600210140910459433e-01
9.002243019972642514e-04,1.749458189398267591e-04,7.245042159095070166e-04,8.940573489797810636e-01,3.507596918182567802e-01,-1.000907965892541412e-01,-2.600210140910459433e-01
2.294167489664943472e-04,5.838593150159328759e-04,5.704326001126426874e-04,8.940573489797810636e-01,3.507596918182567802e-01,-1.000907965892541412e-01,-2.600210140910459433e-01
4.462423694070936334e-04,6.017640380257488573e-04,5.051812860914168873e-04,8.940573489797810636e-01,3.507596918182567802e-01,-1.000907965892541412e-01,-2.600210140910459433e-01
7.176429929960496425e-04,7.432196938766691624e-04,5.113693686363934539e-04,9.238974671996109667e-01,2.198139663142947842e-01,-1.852213028005902928e-01,-2.525635747770721973e-01
9.794736115365622938e-04,9.450662392285998688e-04,2.521759953405922181e-04,9.238974671996109667e-01,2.198139663142947842e-01,-1.852213028005902928e-01,-2.525635747770721973e-01
8.763739338849934864e-04,6.417004209220607009e-04,5.152981724908507841e-04,9.238974671996109667e-01,2.198139663142947842e-01,-1.852213028005902928e-01,-2.525635747770721973e-01
7.267903999608787058e-04,2.835123800938721536e-04,9.533451090688884431e-04,9.238974671996109667e-01,2.198139663142947842e-01,-1.852213028005902928e-01,-2.525635747770721973e-01
7.505881619294396418e-04,6.940477501811257062e-04,3.616519568226940441e-04,9.238974671996109667e-01,2.198139663142947842e-01,-1.852213028005902928e-01,-2.525635747770721973e-01
3.118965246241882589e-04,5.679033176824868981e-04,8.727445511195407960e-04,3.993386445870854978e-02,-3.749175803991924294e-01,-7.615096762941956365e-01,5.272049955067934501e-01
9.698125082328525222e-04,4.532133508609769356e-04,4.503236919650461666e-04,3.993386445870854978e-02,-3.749175803991924294e-01,-7.615096762941956365e-01,5.272049955067934501e-01
5.774596354988319451e-04,1.517982508080755334e-04,7.362195961846374447e-04,3.993386445870854978e-02,-3.749175803991924294e-01,-7.615096762941956365e-01,5.272049955067934501e-01
2.060212892608211859e-04,9.032880705986414370e-04,1.629413108235643396e-04,3.993386445870854978e-02,-3.749175803991924294e-01,-7.615096762941956365e-01,5.272049955067934501e-01
8.699336454778369048e-04,1.707428212241980322e-04,5.786599663500626095e-04,3.993386445870854978e-02,-3.749175803991924294e-01,-7.615096762941956365e-01,5.272049955067934501e-01
8.284927028260804377e-04,1.360016173363017759e-04,2.900820440840799113e-04,4.489843306243086474e-01,-6.972119070252884576e-01,-5.177354431398754203e-02,5.564423848568417208e-01
2.222139380170906677e-06,6.060141654005707238e-04,1.795592387473427030e-04,4.489843306243086474e-01,-6.972119070252884576e-01,-5.177354431398754203e-02,5.564423848568417208e-01
2.511198256336817625e-04,8.390755191306587609e-05,1.844264845435772578e-05,4.489843306243086474e-01,-6.972119070252884576e-01,-5.177354431398754203e-02,5.564423848568417208e-01
2.665676456358429089e-04,9.866528882963518116e-04,5.833932348697017881e-04,4.489843306243086474e-01,-6.972119070252884576e-01,-5.177354431398754203e-02,5.564423848568417208e-01
5.488877956984561986e-04,9.890074830241613036e-05,9.403605303270146185e-04,4.489843306243086474e-01,-6.972119070252884576e-01,-5.177354431398754203e-02,5.564423848568417208e-01
2.900626532352893762e-04,2.329825978958655075e-04,3.966979827213633781e-04,9.178568314063173528e-01,-1.743076017905082764e-01,-2.109291179017627194e-01,2.875145287111259829e-01
9.464747071592316627e-04,5.400094729521986037e-04,9.255765043250153458e-05,9.178568314063173528e-01,-1.743076017905082764e-01,-2.109291179017627194e-01,2.875145287111259829e-01
7.189707533495056984e-04,1.328490460883571312e-04,1.673881261296340578e-04,9.178568314063173528e-01,-1.743076017905082764e-01,-2.109291179017627194e-01,2.875145287111259829e-01
3.436708447564452637e-04,6.678122055872196070e-04,1.428807260851460152e-04,9.178568314063173528e-01,-1.743076017905082764e-01,-2.109291179017627194e-01,2.875145287111259829e-01
4.868707980122427450e-04,8.177071362854713889e-04,2.689920601612241086e-04,9.178568314063173528e-01,-1.743076017905082764e-01,-2.109291179017627194e-01,2.875145287111259829e-01
5.376188295362164258e-04,6.591014368854551577e-04,8.551572766587694054e-04,2.702329068042566007e-01,-4.313170650834287634e-01,8.606717662536520486e-01,1.356009667215406223e-02
9.034079063084430672e-04,4.908895900684164329e-04,5.526824640375860038e-04,2.702329068042566007e-01,-4.313170650834287634e-01,8.606717662536520486e-01,1.356009667215406223e-02
7.190741755632007980e-04,6.122895836633859791e-04,2.357326088579502214e-04,2.702329068042566007e-01,-4.313170650834287634e-01,8.606717662536520486e-01,1.356009667215406223e-02
7.256667376470612996e-04,7.238363957342375070e-05,8.880244858107512809e-04,2.702329068042566007e-01,-4.313170650834287634e-01,8.606717662536520486e-01,1.356009667215406223e-02
2.236687477621590505e-04,8.653726540332235158e-04,2.249214933237409040e-04,2.702329068042566007e-01,-4.313170650834287634e-01,8.606717662536520486e-01,1.356009667215406223e-02
7.720447329470953197e-04,3.322868054565003755e-04,8.482316736051397294e-04,1.491925724306492063e-01,8.899489581954292960e-01,-3.588592636194289365e-01,-2.386471392095802502e-01
3.008075316153815395e-04,1.273842066835177928e-04,1.688737063075772520e-04,1.491925724306492063e-01,8.899489581954292960e-01,-3.588592636194289365e-01,-2.386471392095802502e-01
5.729881228488794762e-04,7.142280616490077503e-04,1.574933326075471677e-04,1.491925724306492063e-01,8.899489581954292960e-01,-3.588592636194289365e-01,-2.386471392095802502e-01
4.943948144177861366e-04,6.683249801381152891e-04,5.122202064612100788e-04,1.491925724306492063e-01,8.899489581954292960e-01,-3.588592636194289365e-01,-2.386471392095802502e-01
5.811883985042552627e-04,9.584449823033816757e-04,4.788889493477540681e-04,1.491925724306492063e-01,8.899489581954292960e-01,-3.588592636194289365e-01,-2.386471392095802502e-01
1.798742375130999598e-04,4.935225062549341690e-04,4.593579326505132696e-04,3.113106332685424138e-01,4.029538325099022988e-01,3.011423660464503937e-01,-8.062426271609969275e-01
4.125041318501249002e-04,4.971950245834555639e-05,6.702326674552991359e-04,3.113106332685424138e-01,4.029538325099022988e-01,3.011423660464503937e-01,-8.062426271609969275e-01
4.587082606776181630e-04,6.957210343149786494e-04,4.445887024012851315e-04,3.113106332685424138e-01,4.029538325099022988e-01,3.011423660464503937e-01,-8.062426271609969275e-01
4.548776677336833574e-04,7.066422499925058102e-04,5.996113792716403551e-04,3.113106332685424138e-01,4.029538325099022988e-01,3.011423660464503937e-01,-8.062426271609969275e-01
6.493548705855924303e-04,3.902319539817023886e-04,3.834856216146107833e-04,3.113106332685424138e-01,4.029538325099022988e-01,3.011423660464503937e-01,-8.062426271609969275e-01
3.920157662645244951e-04,1.868296945355185710e-04,9.853662019144531457e-04,1.091928851060133127e-01,8.868511686480079481e-01,3.727261933322682519e-01,2.502940337161955187e-01
4.375852260290875829e-04,5.111589778366034103e-04,6.886267957727749489e-04,1.091928851060133127e-01,8.868511686480079481e-01,3.727261933322682519e-01,2.502940337161955187e-01
4.947105592661071513e-04,9.916956654347253456e-05,5.524066488593056641e-04,1.091928851060133127e-01,8.868511686480079481e-01,3.727261933322682519e-01,2.502940337161955187e-01
5.085182351086250723e-04,4.256916587034762726e-04,6.620685678531571059e-04,1.091928851060133127e-01,8.868511686480079481e-01,3.727261933322682519e-01,2.502940337161955187e-01
6.751422998697444817e-04,5.844584859183525865e-04,1.760161275466377514e-04,1.091928851060133127e-01,8.868511686480079481e-01,3.727261933322682519e-01,2.502940337161955187e-01
2.768010458591496701e-04,2.377089869569587541e-04,8.142189990399676313e-04,8.754106232498044537e-01,6.547374294086387436e-02,2.646276220060585493e-01,3.991762159223934403e-01
2.754615362740957794e-04,6.472681302988508075e-04,8.311633596014488760e-04,8.754106232498044537e-01,6.547374294086387436e-02,2.646276220060585493e-01,3.991762159223934403e-01
2.787686144207280931e-04,6.446290459755153572e-04,2.875098092760024681e-04,8.754106232498044537e-01,6.547374294086387436e-02,2.646276220060585493e-01,3.991762159223934403e-01
8.498532576392990243e-04,7.064951657429794718e-04,3.955239006640250783e-04,8.754106232498044537e-01,6.547374294086387436e-02,2.646276220060585493e-01,3.991762159223934403e-01
4.000586072357299717e-04,6.772937967336190024e-04,1.186878466283588471e-04,8.754106232498044537e-01,6.547374294086387436e-02,2.646276220060585493e-01,3.991762159223934403e-01
2.622105525425691788e-04,3.337220212036151585e-05,8.996080676186774591e-04,3.634719727132001421e-01,3.924700905813832130e-01,-8.267915037159353497e-01,1.739860983934000127e-01
5.063323969005549194e-04,8.966964577682142801e-04,8.692671026400528803e-04,3.634719727132001421e-01,3.924700905813832130e-01,-8.267915037159353497e-01,1.739860983934000127e-01
3.167367259144205044e-04,9.036754694086728988e-04,9.633634366050791969e-04,3.634719727132001421e-01,3.924700905813832130e-01,-8.267915037159353497e-01,1.739860983934000127e-01
4.445463546987216293e-05,1.363165638209862241e-04,7.915823669438382549e-04,3.634719727132001421e-01,3.924700905813832130e-01,-8.267915037159353497e-01,1.739860983934000127e-01
3.734375569564296615e-04,7.043130512518640035e-04,8.399318930182551879e-04,3.634719727132001421e-01,3.924700905813832130e-01,-8.267915037159353497e-01,1.739860983934000127e-01
2.857380942243852463e-04,1.807073085958932270e-04,9.779932647544899507e-04,2.899309070972743152e-01,-1.579168933242598993e-01,-3.073828013615967358e-01,8.924786481141512295e-01
1.782175992804995108e-04,8.440539832314435196e-04,6.393847908265328428e-04,2.899309070972743152e-01,-1.579168933242598993e-01,-3.073828013615967358e-01,8.924786481141512295e-01
5.081768664190032146e-04,1.830697211004714948e-04,1.971885892665323757e-04,2.899309070972743152e-01,-1.579168933242598993e-01,-3.073828013615967358e-01,8.924786481141512295e-01
4.955174239668256285e-04,9.132090868851161578e-05,1.838444385435389502e-04,2.899309070972743152e-01,-1.579168933242598993e-01,-3.073828013615967358e-01,8.924786481141512295e-01
2.002920128560806742e-04,2.108066725145701968e-04,8.695159988003531466e-04,2.899309070972743152e-01,-1.579168933242598993e-01,-3.073828013615967358e-01,8.924786481141512295e-01
5.449987731487488957e-04,8.899428290830793285e-04,6.652067713781178483e-04,1.315788833126578516e-01,2.707764886809581606e-01,-8.650995564673789051e-01,-4.012104784819921499e-01
3.973288570628331537e-04,6.395401297085345684e-04,5.898261946775663856e-04,1.315788833126578516e-01,2.707764886809581606e-01,-8.650995564673789051e-01,-4.012104784819921499e-01
3.371208007395199086e-05,9.489518203235666315e-04,5.844551732983933228e-04,1.315788833126578516e-01,2.707764886809581606e-01,-8.650995564673789051e-01,-4.012104784819921499e-01
3.112696936401482533e-05,7.897408674853705762e-04,4.234787898730529778e-05,1.315788833126578516e-01,2.707764886809581606e-01,-8.650995564673789051e-01,-4.012104784819921499e-01
8.804161869899486664e-04,4.134102511944562006e-04,1.217512713394082246e-04,1.315788833126578516e-01,2.707764886809581606e-01,-8.650995564673789051e-01,-4.012104784819921499e-01
3.883471671820591989e-04,3.138165144425614315e-04,5.419619924366210397e-04,6.906197418577454394e-01,2.116803585377587671e-01,-2.340897525656907285e-01,6.507209737740136113e-01
2.146672881841387261e-04,6.594346898159412140e-04,8.219202439916667869e-04,6.906197418577454394e-01,2.116803585377587671e-01,-2.340897525656907285e-01,6.507209737740136113e-01
2.874427438167800365e-04,2.645095133214016184e-04,9.861420656649361269e-04,6.906197418577454394e-01,2.116803585377587671e-01,-2.340897525656907285e-01,6.507209737740136113e-01
8.102219131284968271e-04,7.606070569599585095e-04,1.126224746222994635e-04,6.906197418577454394e-01,2.116803585377587671e-01,-2.340897525656907285e-01,6.507209737740136113e-01
7.413499073166531037e-04,1.722765981109663960e-04,4.096737620430317508e-04,6.906197418577454394e-01,2.116803585377587671e-01,-2.340897525656907285e-01,6.507209737740136113e-01
4.632943231664819099e-04,2.490149325037174029e-04,9.733429859021663086e-04,3.395749193693367585e-01,-7.891948372144746982e-01,-1.121347565961289261e-01,-4.992856691438820049e-01
7.382732679763741746e-04,3.665102113014648906e-04,6.623413684370101692e-04,3.395749193693367585e-01,-7.891948372144746982e-01,-1.121347565961289261e-01,-4.992856691438820049e-01
7.112494062824986987e-04,2.472269377238652671e-04,7.655563679860898964e-05,3.395749193693367585e-01,-7.891948372144746982e-01,-1.121347565961289261e-01,-4.992856691438820049e-01
1.285462896235401017e-04,4.837515020739507031e-04,3.768618596887154341e-04,3.395749193693367585e-01,-7.891948372144746982e-01,-1.121347565961289261e-01,-4.992856691438820049e-01
2.522802450265077272e-04,8.588306897862150058e-04,2.003999361524719789e-04,3.395749193693367585e-01,-7.891948372144746982e-01,-1.121347565961289261e-01,-4.992856691438820049e-01
5.874634869471168346e-04,8.278530027843582781e-04,3.184029005420920878e-04,1.277365147424982250e-01,4.474569747654958407e-01,3.396857531715803402e-01,-8.173611366020567814e-01
6.035334879235977482e-04,2.055342728983030774e-04,5.243942244751068722e-04,1.277365147424982250e-01,4.474569747654958407e-01,3.396857531715803402e-01,-8.173611366020567814e-01
2.864769668165847711e-04,2.644433355411921643e-04,6.528718502253935251e-04,1.277365147424982250e-01,4.474569747654958407e-01,3.396857531715803402e-01,-8.173611366020567814e-01
4.112489443101163795e-05,7.118236493268979056e-04,1.076004244921581260e-04,1.277365147424982250e-01,4.474569747654958407e-01,3.396857531715803402e-01,-8.173611366020567814e-01
7.455529002901425863e-04,1.488810841536868535e-04,5.589370149327893989e-04,1.277365147424982250e-01,4.474569747654958407e-01,3.396857531715803402e-01,-8.173611366020567814e-01
5.684104742274609579e-05,7.232360467072019477e-04,8.876051343699179396e-04,8.014687495576644505e-01,-2.941797951921152898e-01,-4.045149650013910025e-01,-3.278318695202194211e-01
2.035352317061787074e-04,7.190295629135685582e-04,3.914551694520848222e-04,8.014687495576644505e-01,-2.941797951921152898e-01,-4.045149650013910025e-01,-3.278318695202194211e-01
5.070722452629084116e-04,1.669864567597699706e-04,9.584716488575853021e-04,8.014687495576644505e-01,-2.941797951921152898e-01,-4.045149650013910025e-01,-3.278318695202194211e-01
4.407447054783506716e-04,5.097820506733578361e-04,4.195441453716844101e-04,8.014687495576644505e-01,-2.941797951921152898e-01,-4.045149650013910025e-01,-3.278318695202194211e-01
3.678793379506708583e-04,8.148967859649349117e-04,5.864518535286737232e-04,8.014687495576644505e-01,-2.941797951921152898e-01,-4.045149650013910025e-01,-3.278318695202194211e-01
1.582783326844587894e-04,6.035063101891101475e-04,6.695910243289635196e-04,8.051535269263451200e-01,3.482994222609326895e-01,-4.084890366145029206e-01,2.520952548076286215e-01
3.254487086055866344e-04,8.252454337078322932e-04,8.509188668556445171e-05,8.051535269263451200e-01,3.482994222609326895e-01,-4.084890366145029206e-01,2.520952548076286215e-01
6.362253346194856858e-04,3.258996859049151590e-04,2.544349127659115703e-04,8.051535269263451200e-01,3.482994222609326895e-01,-4.084890366145029206e-01,2.520952548076286215e-01
2.346918591810198749e-05,9.931182958340168711e-04,2.257059700682334589e-04,8.051535269263451200e-01,3.482994222609326895e-01,-4.084890366145029206e-01,2.520952548076286215e-01
1.209827134450459625e-04,9.527844196997428726e-04,7.968069757236714021e-04,8.051535269263451200e-01,3.482994222609326895e-01,-4.084890366145029206e-01,2.520952548076286215e-01
1.503815689956661174e-04,1.970918321686749935e-04,7.615781848238856394e-04,4.458490848837024512e-01,-3.305517440987599254e-01,9.298915929319900853e-02,8.266239497108568424e-01
9.532215040913463288e-04,8.396691249262963315e-04,4.697523385646995889e-06,4.458490848837024512e-01,-3.305517440987599254e-01,9.298915929319900853e-02,8.266239497108568424e-01
9.986380028278358818e-04,3.186884630826980784e-04,8.596337630335746391e-04,4.458490848837024512e-01,-3.305517440987599254e-01,9.298915929319900853e-02,8.266239497108568424e-01
3.169202525147456532e-04,7.691634218002091350e-04,2.240696004782311024e-04,4.458490848837024512e-01,-3.305517440987599254e-01,9.298915929319900853e-02,8.266239497108568424e-01
7.719934749511404891e-04,5.741042660551661566e-04,1.905691140167482703e-04,4.458490848837024512e-01,-3.305517440987599254e-01,9.298915929319900853e-02,8.266239497108568424e-01
3.536650690867260008e-04,9.112728787724402044e-04,3.863537514866599608e-05,3.090492460259410823e-01,-4.615182327354454550e-01,8.150693253169348784e-01,1.647770594195237803e-01
3.352236111020101534e-05,3.490000609832361197e-04,5.845630007715508667e-04,3.090492460259410823e-01,-4.615182327354454550e-01,8.150693253169348784e-01,1.647770594195237803e-01
8.747726465258165863e-05,7.353277344333909770e-04,5.734240484164634423e-04,3.090492460259410823e-01,-4.615182327354454550e-01,8.150693253169348784e-01,1.647770594195237803e-01
6.291791120428330206e-04,2.766469695470962203e-04,3.447503226076393916e-04,3.090492460259410823e-01,-4.615182327354454550e-01,8.150693253169348784e-01,1.647770594195237803e-01
1.811393040443898185e-04,1.790212805029530786e-04,3.816000590641742928e-04,3.090492460259410823e-01,-4.615182327354454550e-01,8.150693253169348784e-01,1.647770594195237803e-01
7.384953675971412399e-04,7.724714940201377836e-04,3.816333550554200523e-04,3.539092381255795616e-01,-4.007848728907312252e-01,8.159478984296751891e-01,2.198835234380439041e-01
8.724237711826236114e-04,4.370791400665970951e-04,3.348471960180087240e-04,3.539092381255795616e-01,-4.007848728907312252e-01,8.159478984296751891e-01,2.198835234380439041e-01
9.614971351745989041e-04,9.894856176050406942e-04,6.073361069062811236e-04,3.539092381255795616e-01,-4.007848728907312252e-01,8.159478984296751891e-01,2.198835234380439041e-01
1.048535270071729888e-04,2.534333167389255718e-04,3.634307868699286799e-04,3.539092381255795616e-01,-4.007848728907312252e-01,8.159478984296751891e-01,2.198835234380439041e-01
1.142165747123294897e-04,1.420547999991547228e-04,9.568543786389366486e-04,3.539092381255795616e-01,-4.007848728907312252e-01,8.159478984296751891e-01,2.198835234380439041e-01
9.985106663554577165e-05,9.082688497604846870e-04,9.785301432934695627e-04,4.849987400778856261e-01,8.354075036335165128e-02,5.788721866121390169e-01,6.501570246628675109e-01
3.193742868139999407e-04,4.548187489300797989e-04,7.466126939177344848e-04,4.849987400778856261e-01,8.354075036335165128e-02,5.788721866121390169e-01,6.501570246628675109e-01
6.027577201152214568e-04,9.941870611367476830e-04,8.750288193880632849e-04,4.849987400778856261e-01,8.354075036335165128e-02,5.788721866121390169e-01,6.501570246628675109e-01
8.855322225739926207e-04,2.155011061129875601e-04,3.057624809854464628e-04,4.849987400778856261e-01,8.354075036335165128e-02,5.788721866121390169e-01,6.501570246628675109e-01
2.868627287024910679e-04,8.998513011849315017e-04,3.152515369764864500e-04,4.849987400778856261e-01,8.354075036335165128e-02,5.788721866121390169e-01,6.501570246628675109e-01
6.443702127893779271e-04,4.024413334463961098e-04,3.233517176836731001e-06,4.106728011953703072e-01,-6.057841506724027936e-02,5.245015619549779906e-01,-7.433547050319098126e-01
2.252623429335771780e-04,7.959499187190152572e-04,5.869891769001941463e-04,4.106728011953703072e-01,-6.057841506724027936e-02,5.245015619549779906e-01,-7.433547050319098126e-01
6.581532124839232232e-04,7.619974269103997611e-04,9.189687003059896723e-04,4.106728011953703072e-01,-6.057841506724027936e-02,5.245015619549779906e-01,-7.433547050319098126e-01
5.152323102214695144e-04,4.649882563302564463e-04,4.556682957992322781e-04,4.106728011953703072e-01,-6.057841506724027936e-02,5.245015619549779906e-01,-7.433547050319098126e-01
6.831882280535154627e-04,3.689268045419921076e-04,3.589468982447617897e-04,4.106728011953703072e-01,-6.057841506724027936e-02,5.245015619549779906e-01,-7.433547050319098126e-01
2.232088761897847023e-04,3.044386415576993011e-04,4.747572635472565770e-04,5.455968235293600088e-01,-6.295552322415927105e-01,-9.386893071617227746e-02,5.451357074693504723e-01
1.146310322400856460e-05,1.894698608378042766e-04,3.229740377210898843e-05,5.455968235293600088e-01,-6.295552322415927105e-01,-9.386893071617227746e-02,5.451357074693504723e-01
7.239451658257204866e-04,5.173986953619216572e-04,4.675807864467255515e-04,5.455968235293600088e-01,-6.295552322415927105e-01,-9.386893071617227746e-02,5.451357074693504723e-01
4.678437801818074093e-04,1.453648330858354912e-04,3.547810366369513703e-04,5.455968235293600088e-01,-6.295552322415927105e-01,-9.386893071617227746e-02,5.451357074693504723e-01
2.000375165514231047e-04,5.416202660440689719e-04,7.151036288242059499e-04,5.455968235293600088e-01,-6.295552322415927105e-01,-9.386893071617227746e-02,5.451357074693504723e-01
8.217816078138810926e-04,1.134601839096248757e-04,6.377278634419505758e-04,4.116416079555699215e-01,6.190821085491447079e-02,5.472197261067212049e-01,7.261329984157043338e-01
3.939468230766309930e-04,6.879407879023536612e-04,5.983904370779355528e-04,4.116416079555699215e-01,6.190821085491447079e-02,5.472197261067212049e-01,7.261329984157043338e-01
7.576994857855931997e-04,3.864798336809708397e-04,7.340860999372814371e-04,4.116416079555699215e-01,6.190821085491447079e-02,5.472197261067212049e-01,7.261329984157043338e-01
7.723854807327146753e-05,2.002039847312205912e-04,3.066361567501874248e-04,4.116416079555699215e-01,6.190821085491447079e-02,5.472197261067212049e-01,7.261329984157043338e-01
2.780418391808251745e-04,4.488524395590455388e-04,2.143030740680216249e-04,4.116416079555699215e-01,6.190821085491447079e-02,5.472197261067212049e-01,7.261329984157043338e-01
2.573943699068899317e-04,3.656628661197269608e-05,5.649736226819927461e-04,4.379994645441427914e-01,-1.666721725284781297e-01,-8.157717467365959152e-01,-3.389591615372042899e-01
8.693099969566155365e-04,1.801993820646458175e-04,3.688258581377108812e-04,4.379994645441427914e-01,-1.666721725284781297e-01,-8.157717467365959152e-01,-3.389591615372042899e-01
3.699623451803804195e-04,7.082040033628556053e-04,6.937874690987722677e-04,4.379994645441427914e-01,-1.666721725284781297e-01,-8.157717467365959152e-01,-3.389591615372042899e-01
2.329382315764717555e-04,6.161482193657849332e-04,7.259405660458297885e-04,4.379994645441427914e-01,-1.666721725284781297e-01,-8.157717467365959152e-01,-3.389591615372042899e-01
8.373252393599320319e-04,8.584084970309778561e-04,2.385727452983991059e-04,4.379994645441427914e-01,-1.666721725284781297e-01,-8.157717467365959152e-01,-3.389591615372042899e-01
5.349832677172064194e-04,8.781924952644873774e-04,9.244543009423209856e-04,4.304656239802678863e-01,-2.833048606039997308e-01,5.630824748563525994e-02,-8.551415577520036226e-01
9.157842271051678954e-04,2.323311181822435142e-04,8.809621104558816368e-04,4.304656239802678863e-01,-2.833048606039997308e-01,5.630824748563525994e-02,-8.551415577520036226e-01
9.443195335984400877e-05,8.114573403224533982e-04,6.065544882018015019e-04,4.304656239802678863e-01,-2.833048606039997308e-01,5.630824748563525994e-02,-8.551415577520036226e-01
2.131260514502471173e-04,7.947412390980109886e-04,5.334254345859385481e-04,4.304656239802678863e-01,-2.833048606039997308e-01,5.630824748563525994e-02,-8.551415577520036226e-01
8.332735848758266329e-04,5.883871953871908046e-04,9.110134315304330101e-05,4.304656239802678863e-01,-2.833048606039997308e-01,5.630824748563525994e-02,-8.551415577520036226e-01
4.608193435621665704e-04,7.416404531335662673e-04,4.788426223255065508e-04,1.470260886898661357e-01,2.578539224615001291e-01,9.045027962804659261e-01,3.062178561687678435e-01
3.857863121289951719e-04,3.099393364544332855e-04,6.717065628393007696e-04,1.470260886898661357e-01,2.578539224615001291e-01,9.045027962804659261e-01,3.062178561687678435e-01
5.719295820819094659e-04,7.049403841935232779e-04,9.640031535746657401e-04,1.470260886898661357e-01,2.578539224615001291e-01,9.045027962804659261e-01,3.062178561687678435e-01
5.225189736692092919e-05,4.243624396287902002e-04,8.673016918436990928e-04,1.470260886898661357e-01,2.578539224615001291e-01,9.045027962804659261e-01,3.062178561687678435e-01
7.757047590644082242e-04,6.037867854727739904e-04,7.175418214097207658e-04,1.470260886898661357e-01,2.578539224615001291e-01,9.045027962804659261e-01,3.062178561687678435e-01
3.664493660419354515e-05,4.537144679276725479e-04,9.880758769201792007e-04,6.815057843059376674e-01,-4.789487666550761302e-01,5.512624357062964053e-01,-4.762007828943314036e-02
9.431043057598739645e-04,8.532416043200725247e-04,2.624281616454524914e-04,6.815057843059376674e-01,-4.789487666550761302e-01,5.512624357062964053e-01,-4.762007828943314036e-02
8.553713060803203299e-04,4.432470426563679330e-04,2.942056252016163006e-04,6.815057843059376674e-01,-4.789487666550761302e-01,5.512624357062964053e-01,-4.762007828943314036e-02
4.036509907348546965e-04,4.822989981037865059e-04,4.413826596254182347e-04,6.815057843059376674e-01,-4.789487666550761302e-01,5.512624357062964053e-01,-4.762007828943314036e-02
2.253474905783968711e-04,3.759756802488723045e-05,6.665700458711134495e-04,6.815057843059376674e-01,-4.789487666550761302e-01,5.512624357062964053e-01,-4.762007828943314036e-02
3.746986858288052827e-04,6.023051013694368525e-04,6.502175013145486014e-04,4.731842881474797036e-01,-2.657584753016468126e-01,8.659685878124535191e-03,-8.398774149220820107e-01
5.966377560787148411e-04,8.080032464823463153e-04,5.137643015992744136e-04,4.731842881474797036e-01,-2.657584753016468126e-01,8.659685878124535191e-03,-8.398774149220820107e-01
4.475474316218207662e-04,1.307912555745029961e-04,3.088911117759938368e-04,4.731842881474797036e-01,-2.657584753016468126e-01,8.659685878124535191e-03,-8.398774149220820107e-01
6.711524482168962705e-04,9.749307851806265088e-04,1.101288517925571561e-04,4.731842881474797036e-01,-2.657584753016468126e-01,8.659685878124535191e-03,-8.398774149220820107e-01
3.907017048005061773e-04,4.657712212884304202e-04,9.741910008991680123e-04,4.731842881474797036e-01,-2.657584753016468126e-01,8.659685878124535191e-03,-8.398774149220820107e-01
8.565044960608093026e-05,4.250323705100676058e-04,4.484082481328777094e-04,4.195153507304301699e-01,1.919508817491324126e-01,8.310178366946905371e-01,-3.107588849776161677e-01
7.239306323750461158e-04,3.990374473420067345e-04,3.386367657930336016e-04,4.195153507304301699e-01,1.919508817491324126e-01,8.310178366946905371e-01,-3.107588849776161677e-01
9.238697085262415705e-05,1.611565997722470584e-04,8.628141966777285159e-04,4.195153507304301699e-01,1.919508817491324126e-01,8.310178366946905371e-01,-3.107588849776161677e-01
4.349002340777034011e-04,1.554175135095737907e-04,8.528875789502732285e-04,4.195153507304301699e-01,1.919508817491324126e-01,8.310178366946905371e-01,-3.107588849776161677e-01
9.101374625288953827e-04,1.351470797898721773e-04,2.973945738252836753e-05,4.195153507304301699e-01,1.919508817491324126e-01,8.310178366946905371e-01,-3.107588849776161677e-01
7.503957547833764799e-04,4.312118902803043679e-04,1.845522063440824365e-04,8.882313138021229182e-02,5.119170277394369251e-01,6.220114975773293198e-01,5.857927149801729350e-01
9.219275187437573791e-04,1.866370975775686334e-04,2.511514833366321870e-04,8.882313138021229182e-02,5.119170277394369251e-01,6.220114975773293198e-01,5.857927149801729350e-01
8.070857757794243446e-04,3.848814550620270722e-04,9.981167062382057166e-06,8.882313138021229182e-02,5.119170277394369251e-01,6.220114975773293198e-01,5.857927149801729350e-01
4.471108303858851822e-04,7.714088816056442928e-04,9.223985359763191543e-04,8.882313138021229182e-02,5.119170277394369251e-01,6.220114975773293198e-01,5.857927149801729350e-01
4.274275537695388771e-04,6.700765920544473784e-04,3.075341830516942318e-04,8.882313138021229182e-02,5.119170277394369251e-01,6.220114975773293198e-01,5.857927149801729350e-01
6.068161232316520272e-04,4.122965679160206319e-05,6.172878504032178974e-04,2.816689318889110116e-01,-4.175969456325564488e-01,3.029340652202625050e-01,8.090156710077038849e-01
3.913188203283634345e-04,7.566548679332097283e-05,4.093660727761767783e-04,2.816689318889110116e-01,-4.175969456325564488e-01,3.029340652202625050e-01,8.090156710077038849e-01
5.982400893237767737e-04,3.983776965550301276e-06,9.842972162866377682e-04,2.816689318889110116e-01,-4.175969456325564488e-01,3.029340652202625050e-01,8.090156710077038849e-01
2.854132265901897399e-04,2.986361126048241383e-04,3.683773821748687104e-04,2.816689318889110116e-01,-4.175969456325564488e-01,3.029340652202625050e-01,8.090156710077038849e-01
4.019433582337396393e-04,8.796501340383789704e-04,9.357009486177337654e-04,2.816689318889110116e-01,-4.175969456325564488e-01,3.029340652202625050e-01,8.090156710077038849e-01
2.425171655402816870e-04,7.777324268449384639e-04,3.432413176433964921e-04,6.464008449125707712e-01,5.573455421009174682e-01,5.118155158081103551e-01,9.786098392427430848e-02
7.068703986818637133e-05,3.117653063922142063e-04,4.292708103414525646e-04,6.464008449125707712e-01,5.573455421009174682e-01,5.118155158081103551e-01,9.786098392427430848e-02
3.874623075511034382e-04,3.033598353989418704e-04,8.160437856664918459e-04,6.464008449125707712e-01,5.573455421009174682e-01,5.118155158081103551e-01,9.786098392427430848e-02
5.369320305522929564e-04,3.318083121951591612e-04,7.113824108636581864e-04,6.464008449125707712e-01,5.573455421009174682e-01,5.118155158081103551e-01,9.786098392427430848e-02
5.024165855351148287e-05,6.939727845305208994e-04,6.779333383876006303e-04,6.464008449125707712e-01,5.573455421009174682e-01,5.118155158081103551e-01,9.786098392427430848e-02
2.063462384314527153e-04,3.677800763256382525e-04,2.646800069528520787e-04,7.846951025683347736e-02,-3.084017396593128901e-01,-8.406739843302106774e-01,4.381759406968058768e-01
2.370665262626616733e-04,2.492768218095203813e-04,5.993945143413419250e-04,7.846951025683347736e-02,-3.084017396593128901e-01,-8.406739843302106774e-01,4.381759406968058768e-01
8.673799836672182540e-04,1.527845212036973543e-04,3.858278108643791045e-04,7.846951025683347736e-02,-3.084017396593128901e-01,-8.406739843302106774e-01,4.381759406968058768e-01
7.186159504402700286e-04,9.646820819617985855e-06,4.908339655390332561e-04,7.846951025683347736e-02,-3.084017396593128901e-01,-8.406739843302106774e-01,4.381759406968058768e-01
5.593871243076366153e-04,9.242552818888783350e-05,3.536205695662633132e-04,7.846951025683347736e-02,-3.084017396593128901e-01,-8.406739843302106774e-01,4.381759406968058768e-01
8.459590485760269587e-04,6.969036156039372029e-04,5.683749173957457039e-04,3.283749894148886295e-01,-9.008649602746863216e-01,-2.492786663860821761e-01,1.359129727466656112e-01
8.699991833803888798e-04,4.419596143384074715e-04,4.732153305599856629e-04,3.283749894148886295e-01,-9.008649602746863216e-01,-2.492786663860821761e-01,1.359129727466656112e-01
5.050518796657619582e-04,8.211053364394981478e-04,7.123724927440926689e-04,3.283749894148886295e-01,-9.008649602746863216e-01,-2.492786663860821761e-01,1.359129727466656112e-01
7.860591490339785754e-05,9.909399147062160785e-04,4.381892035238153294e-04,3.283749894148886295e-01,-9.008649602746863216e-01,-2.492786663860821761e-01,1.359129727466656112e-01
4.388266796980936691e-04,9.532055047067022858e-05,1.144885480504784860e-04,3.283749894148886295e-01,-9.008649602746863216e-01,-2.492786663860821761e-01,1.359129727466656112e-01
8.239896989680549995e-04,2.808105656886965588e-04,2.428908653890020765e-04,2.628449977316871800e-01,-3.599153293665329212e-01,8.901279150123841966e-01,-9.510918867341516814e-02
7.822602886479164495e-04,3.172956803649016146e-04,1.905249766281594953e-04,2.628449977316871800e-01,-3.599153293665329212e-01,8.901279150123841966e-01,-9.510918867341516814e-02
3.481821813167946893e-04,6.009487658464215650e-04,9.628742809043889259e-05,2.628449977316871800e-01,-3.599153293665329212e-01,8.901279150123841966e-01,-9.510918867341516814e-02
4.601801803090101021e-04,3.278359980561524885e-04,6.102231943508028278e-04,2.628449977316871800e-01,-3.599153293665329212e-01,8.901279150123841966e-01,-9.510918867341516814e-02
1.704509175397015482e-04,1.505548450849910627e-04,8.536538557411261878e-04,2.628449977316871800e-01,-3.599153293665329212e-01,8.901279150123841966e-01,-9.510918867341516814e-02
7.525626837004179177e-04,8.529972603174127864e-04,6.359621114908199473e-04,5.243163159276695851e-01,3.378473710093113369e-02,-7.301587663274572426e-01,-4.368285342628416834e-01
8.932599984649814643e-05,2.432124153108962167e-04,1.680400080749665551e-04,5.243163159276695851e-01,3.378473710093113369e-02,-7.301587663274572426e-01,-4.368285342628416834e-01
4.945046163758237473e-04,8.482597724011964671e-04,9.662918653704459645e-04,5.243163159276695851e-01,3.378473710093113369e-02,-7.301587663274572426e-01,-4.368285342628416834e-01
7.561266078197583689e-04,5.286025171541186606e-04,2.029626465820884068e-04,5.243163159276695851e-01,3.378473710093113369e-02,-7.301587663274572426e-01,-4.368285342628416834e-01
7.600479950153273163e-04,9.247030488110629656e-04,2.344286540145757038e-05,5.243163159276695851e-01,3.378473710093113369e-02,-7.301587663274572426e-01,-4.368285342628416834e-01
2.515871510620417838e-04,5.318612285210887799e-04,3.487025835724028001e-04,1.131241462419920601e-01,-4.970013830474226957e-01,6.468977529552888406e-01,-5.672000088217272751e-01
9.917079736213318963e-05,4.048460689414043901e-04,2.787559262355914229e-04,1.131241462419920601e-01,-4.970013830474226957e-01,6.468977529552888406e-01,-5.672000088217272751e-01
3.106796526548065668e-04,5.647542730643659260e-04,4.483059944294079846e-04,1.131241462419920601e-01,-4.970013830474226957e-01,6.468977529552888406e-01,-5.672000088217272751e-01
4.833830287695687483e-04,9.598331446431728972e-05,9.519450774627608632e-04,1.131241462419920601e-01,-4.970013830474226957e-01,6.468977529552888406e-01,-5.672000088217272751e-01
3.882056701157711150e-04,8.247916925909480916e-04,7.918260179897041319e-05,1.131241462419920601e-01,-4.970013830474226957e-01,6.468977529552888406e-01,-5.672000088217272751e-01
9.551835929373329870e-04,4.669655228571510880e-04,5.621062117249231178e-04,5.831027232026585461e-01,-6.563294072898305798e-01,-4.696961333210809553e-01,9.278181752611318334e-02
9.632524491775387504e-04,8.320361234394807242e-04,2.539906729411577665e-04,5.831027232026585461e-01,-6.563294072898305798e-01,-4.696961333210809553e-01,9.278181752611318334e-02
2.327196984970883952e-04,6.727068627642446156e-04,6.555987137841399418e-04,5.831027232026585461e-01,-6.563294072898305798e-01,-4.696961333210809553e-01,9.278181752611318334e-02
3.235161901770319294e-04,6.725928522914384478e-04,5.196080739592615289e-04,5.831027232026585461e-01,-6.563294072898305798e-01,-4.696961333210809553e-01,9.278181752611318334e-02
2.201832214196785067e-04,5.188641793102930248e-04,6.832889746045005047e-04,5.831027232026585461e-01,-6.563294072898305798e-01,-4.696961333210809553e-01,9.278181752611318334e-02
9.999881080138607083e-04,2.670193480569216216e-04,4.024864834389104535e-04,8.886955609771181042e-01,-3.526532819004312147e-01,1.135948870599616384e-01,-2.700963981586108065e-01
2.800661168784046714e-04,1.486047350029461359e-04,1.083137287108112479e-04,8.886955609771181042e-01,-3.526532819004312147e-01,1.135948870599616384e-01,-2.700963981586108065e-01
5.730323645650411447e-04,2.879432571549864640e-04,5.994493544227551957e-04,8.886955609771181042e-01,-3.526532819004312147e-01,1.135948870599616384e-01,-2.700963981586108065e-01
8.989998691472503084e-04,8.375823238385721875e-04,5.762198724502431198e-04,8.886955609771181042e-01,-3.526532819004312147e-01,1.135948870599616384e-01,-2.700963981586108065e-01
7.880024758440589208e-04,8.280845547009787078e-04,4.063619190112854825e-05,8.886955609771181042e-01,-3.526532819004312147e-01,1.135948870599616384e-01,-2.700963981586108065e-01
6.524149621690014059e-04,3.176492314135510625e-04,4.195627562634415245e-04,2.054737420742183407e-01,-7.202242464753515483e-01,2.743989466501575158e-01,-6.031275107175212424e-01
5.976070333148573825e-04,5.134488531704690679e-04,7.572918405782603146e-04,2.054737420742183407e-01,-7.202242464753515483e-01,2.743989466501575158e-01,-6.031275107175212424e-01
2.877470100794269660e-04,2.199463872328455590e-04,3.199534697512074194e-05,2.054737420742183407e-01,-7.202242464753515483e-01,2.743989466501575158e-01,-6.031275107175212424e-01
9.125051141130954705e-04,8.707201606697050371e-04,1.688675391677202440e-04,2.054737420742183407e-01,-7.202242464753515483e-01,2.743989466501575158e-01,-6.031275107175212424e-01
8.563024104127731854e-04,4.484577893485833830e-04,4.847910443306366964e-04,2.054737420742183407e-01,-7.202242464753515483e-01,2.743989466501575158e-01,-6.031275107175212424e-01
1.563369827613385647e-04,9.349494911924544635e-04,6.481545356938418941e-04,8.995379272373237034e-02,-9.010251758043629211e-01,-3.397404969322398993e-01,2.542407175996155289e-01
6.407369388301365019e-05,5.701192533697108263e-05,5.538315584417899526e-04,8.995379272373237034e-02,-9.010251758043629211e-01,-3.397404969322398993e-01,2.542407175996155289e-01
8.550099213379802729e-05,2.007245206563215212e-04,9.475284942711401830e-04,8.995379272373237034e-02,-9.010251758043629211e-01,-3.397404969322398993e-01,2.542407175996155289e-01
8.065318937043728558e-04,2.356720775281295895e-04,2.209713248545952459e-04,8.995379272373237034e-02,-9.010251758043629211e-01,-3.397404969322398993e-01,2.542407175996155289e-01
3.499552587967978950e-04,4.946924344316393435e-04,7.367022268962633829e-04,8.995379272373237034e-02,-9.010251758043629211e-01,-3.397404969322398993e-01,2.542407175996155289e-01
6.542835119038045797e-04,8.556578267790528915e-04,4.758935066637462962e-04,9.057329546163638279e-01,-2.942527469036643750e-01,-1.593863720991264277e-01,2.601136679427640819e-01
5.624468545683278600e-04,5.305951035285068644e-04,9.512398026529027923e-04,9.057329546163638279e-01,-2.942527469036643750e-01,-1.593863720991264277e-01,2.601136679427640819e-01
5.718658692310082036e-04,6.279504139223003557e-04,9.946069121690376616e-04,9.057329546163638279e-01,-2.942527469036643750e-01,-1.593863720991264277e-01,2.601136679427640819e-01
9.366229957488982853e-04,7.047833405808593635e-04,8.990156566470288227e-04,9.057329546163638279e-01,-2.942527469036643750e-01,-1.593863720991264277e-01,2.601136679427640819e-01
5.236874361978394610e-04,6.865205815261934442e-04,4.924586885266500624e-04,9.057329546163638279e-01,-2.942527469036643750e-01,-1.593863720991264277e-01,2.601136679427640819e-01
3.492388398147241437e-04,1.048556261556495857e-04,1.334911839918905300e-04,5.271380233847380303e-01,7.411114213401840400e-01,-4.016848858008775780e-01,-1.073714020598580676e-01
7.600801059815962208e-04,4.086491878534625186e-04,6.397576873095493560e-04,5.271380233847380303e-01,7.411114213401840400e-01,-4.016848858008775780e-01,-1.073714020598580676e-01
1.181765065383251208e-04,3.642066060114390580e-04,1.474180678377451500e-04,5.271380233847380303e-01,7.411114213401840400e-01,-4.016848858008775780e-01,-1.073714020598580676e-01
7.134120944258597833e-04,2.250218674424433411e-04,5.078664521469531713e-04,5.271380233847380303e-01,7.411114213401840400e-01,-4.016848858008775780e-01,-1.073714020598580676e-01
5.610305790823211713e-04,5.313246533847248076e-04,6.279436429385541231e-04,5.271380233847380303e-01,7.411114213401840400e-01,-4.016848858008775780e-01,-1.073714020598580676e-01
1.638164813705925615e-04,7.897291475720646763e-05,8.155017497612705897e-04,1.014110172814468580e-01,-5.293923181856681204e-01,5.532919179453361647e-01,-6.350808078948046997e-01
8.607254487792219107e-04,5.472378353845618786e-04,8.685445740511787277e-04,1.014110172814468580e-01,-5.293923181856681204e-01,5.532919179453361647e-01,-6.350808078948046997e-01
6.904944895547526318e-05,3.790394191641468743e-04,5.758056076157287619e-04,1.014110172814468580e-01,-5.293923181856681204e-01,5.532919179453361647e-01,-6.350808078948046997e-01
6.203964195405960039e-04,9.229631543023042299e-05,3.531425634083490287e-04,1.014110172814468580e-01,-5.293923181856681204e-01,5.532919179453361647e-01,-6.350808078948046997e-01
3.204000529762928220e-04,3.494315515041970560e-04,1.031183483739829250e-04,1.014110172814468580e-01,-5.293923181856681204e-01,5.532919179453361647e-01,-6.350808078948046997e-01
5.471345741004437352e-04,9.906552150356939031e-04,6.306622124503195306e-04,2.411181560062785334e-01,1.222561952624118820e-01,3.679090810868195227e-01,8.896956589856684916e-01
7.450932891210860706e-04,8.876244903210070468e-04,2.914944601211579694e-04,2.411181560062785334e-01,1.222561952624118820e-01,3.679090810868195227e-01,8.896956589856684916e-01
5.052760347511738677e-04,3.242763084591975529e-04,4.066284456327178172e-04,2.411181560062785334e-01,1.222561952624118820e-01,3.679090810868195227e-01,8.896956589856684916e-01
7.305431014976047563e-04,8.320331431981375730e-05,9.454284225921161418e-04,2.411181560062785334e-01,1.222561952624118820e-01,3.679090810868195227e-01,8.896956589856684916e-01
1.388448471173332581e-04,1.937798432440958221e-04,2.977020735507486114e-04,2.411181560062785334e-01,1.222561952624118820e-01,3.679090810868195227e-01,8.896956589856684916e-01
4.883814950791336932e-04,7.188887887413505451e-04,5.601962266706743106e-04,5.863270911440006117e-01,-5.907652768241966612e-01,-1.491213876278527917e-01,5.338349385731405716e-01
7.576492255514107694e-04,9.901372674866932601e-04,4.341419771096243071e-04,5.863270911440006117e-01,-5.907652768241966612e-01,-1.491213876278527917e-01,5.338349385731405716e-01
2.723455421890808183e-05,6.101989507134419736e-05,4.894289272194196969e-05,5.863270911440006117e-01,-5.907652768241966612e-01,-1.491213876278527917e-01,5.338349385731405716e-01
3.354781704943259621e-04,2.799857593993033793e-04,6.594248164683924954e-04,5.863270911440006117e-01,-5.907652768241966612e-01,-1.491213876278527917e-01,5.338349385731405716e-01
8.251002226873769456e-04,3.036685765994060729e-04,5.970491893909108273e-04,5.863270911440006117e-01,-5.907652768241966612e-01,-1.491213876278527917e-01,5.338349385731405716e-01
1.462076374211318595e-04,5.349437477737230056e-04,9.641575310827073166e-04,8.645776022181711484e-02,4.709201933094100401e-01,3.568008890507758935e-01,-8.021548184754802024e-01
4.299557770642163982e-04,1.045245714610255585e-04,6.217626783438734950e-06,8.645776022181711484e-02,4.709201933094100401e-01,3.568008890507758935e-01,-8.021548184754802024e-01
7.405371930929890685e-04,1.490735914160968960e-04,2.235219064172687604e-04,8.645776022181711484e-02,4.709201933094100401e-01,3.568008890507758935e-01,-8.021548184754802024e-01
5.283737925353699637e-04,6.455072568042554033e-04,9.869546762053048143e-04,8.645776022181711484e-02,4.709201933094100401e-01,3.568008890507758935e-01,-8.021548184754802024e-01
4.883677634043250742e-04,4.734965453777528950e-04,4.785165591963793708e-04,8.645776022181711484e-02,4.709201933094100401e-01,3.568008890507758935e-01,-8.021548184754802024e-01
3.881171051760318354e-04,1.614916758591910032e-04,9.150180616754399017e-04,5.392362196161473165e-01,-1.083644422975305610e-01,-5.899740086177909237e-01,5.911109170494875942e-01
2.831261671015466021e-04,2.990771314428953827e-04,3.511426600797020858e-04,5.392362196161473165e-01,-1.083644422975305610e-01,-5.899740086177909237e-01,5.911109170494875942e-01
5.412137588694757463e-04,2.238733428595793805e-04,5.900429197833778660e-04,5.392362196161473165e-01,-1.083644422975305610e-01,-5.899740086177909237e-01,5.911109170494875942e-01
9.364670117594231513e-04,8.270044212466624422e-04,2.602793060015514966e-04,5.392362196161473165e-01,-1.083644422975305610e-01,-5.899740086177909237e-01,5.911109170494875942e-01
2.394027688844729861e-04,4.226441955680987307e-04,7.717384384175071622e-04,5.392362196161473165e-01,-1.083644422975305610e-01,-5.899740086177909237e-01,5.911109170494875942e-01
7.145771872273623971e-04,4.666337347822529895e-04,5.832107552182077626e-04,1.038101638189837389e-01,4.676589205429876328e-01,6.962912076615163093e-01,5.345064434201990400e-01
4.360431365267758593e-05,6.181725403824291825e-04,2.433455043084843314e-04,1.038101638189837389e-01,4.676589205429876328e-01,6.962912076615163093e-01,5.345064434201990400e-01
1.795439493651279595e-04,4.296718542081312715e-05,3.533042515340410229e-04,1.038101638189837389e-01,4.676589205429876328e-01,6.962912076615163093e-01,5.345064434201990400e-01
9.754690711378732827e-05,4.899790992388419492e-04,6.040094230068403540e-04,1.038101638189837389e-01,4.676589205429876328e-01,6.962912076615163093e-01,5.345064434201990400e-01
7.896830291165946687e-06,2.790447442159930242e-04,7.737557064908605993e-04,1.038101638189837389e-01,4.676589205429876328e-01,6.962912076615163093e-01,5.345064434201990400e-01
1.756922519987411807e-04,8.599609433981300144e-04,9.835281847468414209e-05,3.149509967083844453e-01,-2.212016695053045656e-01,1.913580667471498353e-01,-9.029162648724712303e-01
3.037728751790838306e-04,3.044622150915044149e-05,9.901605489630687078e-04,3.149509967083844453e-01,-2.212016695053045656e-01,1.913580667471498353e-01,-9.029162648724712303e-01
2.375583115188636474e-04,6.023079684373686604e-04,8.441057434641741726e-05,3.149509967083844453e-01,-2.212016695053045656e-01,1.913580667471498353e-01,-9.029162648724712303e-01
2.578196094814164596e-04,6.738071344019359865e-04,1.882318427335837301e-04,3.149509967083844453e-01,-2.212016695053045656e-01,1.913580667471498353e-01,-9.029162648724712303e-01
3.537174985176386567e-04,8.525010748510323567e-04,7.176386390364952858e-05,3.149509967083844453e-01,-2.212016695053045656e-01,1.913580667471498353e-01,-9.029162648724712303e-01
3.535397432806034520e-04,2.886995743581832828e-05,2.130479230131572337e-04,7.868931672431022095e-01,-3.307894839194226444e-01,5.150161043300784947e-01,7.833181317390079668e-02
2.176025456807757471e-04,9.479401551191646725e-04,9.656874294611718238e-04,7.868931672431022095e-01,-3.307894839194226444e-01,5.150161043300784947e-01,7.833181317390079668e-02
9.969023945880397912e-04,5.033785067437359121e-04,6.702678722114546435e-04,7.868931672431022095e-01,-3.307894839194226444e-01,5.150161043300784947e-01,7.833181317390079668e-02
9.374764780343246024e-04,3.752090067723558341e-04,4.910804059954532337e-05,7.868931672431022095e-01,-3.307894839194226444e-01,5.150161043300784947e-01,7.833181317390079668e-02
8.798388168462444817e-04,8.534942612735274417e-04,2.156221731317071891e-04,7.868931672431022095e-01,-3.307894839194226444e-01,5.150161043300784947e-01,7.833181317390079668e-02
6.121507261284519618e-05,4.995335329743622651e-04,8.197054368523485658e-04,1.491736151264839716e-01,2.978382455269497631e-01,-8.669627108295862028e-01,-3.706956569512777078e-01
7.432960716179061109e-04,3.320891272322026226e-04,4.374903738772172317e-04,1.491736151264839716e-01,2.978382455269497631e-01,-8.669627108295862028e-01,-3.706956569512777078e-01
1.802961195048274846e-04,6.966325218510627769e-04,3.159178057496221659e-04,1.491736151264839716e-01,2.978382455269497631e-01,-8.669627108295862028e-01,-3.706956569512777078e-01
4.141800170065712767e-05,5.562276877239429648e-04,9.840890612501978964e-04,1.491736151264839716e-01,2.978382455269497631e-01,-8.669627108295862028e-01,-3.706956569512777078e-01
4.293349679133566890e-04,6.639785532955422135e-05,4.885975191759779363e-04,1.491736151264839716e-01,2.978382455269497631e-01,-8.669627108295862028e-01,-3.706956569512777078e-01
8.818874482210858792e-05,5.886022038710036970e-05,4.838819613940252866e-04,8.169571312145348374e-01,1.325089955698322552e-01,-3.266404130807478712e-01,4.564301177543281796e-01
2.740558689253503916e-04,1.391263058721277249e-04,1.411398237125186634e-04,8.169571312145348374e-01,1.325089955698322552e-01,-3.266404130807478712e-01,4.564301177543281796e-01
8.778615853012693279e-04,5.589621742722128504e-04,3.776052671651653034e-05,8.169571312145348374e-01,1.325089955698322552e-01,-3.266404130807478712e-01,4.564301177543281796e-01
9.870610257657122782e-04,2.099180816344221683e-04,1.567101943886928413e-04,8.169571312145348374e-01,1.325089955698322552e-01,-3.266404130807478712e-01,4.564301177543281796e-01
8.598078812427933947e-05,2.544133324434620733e-04,3.641016942822907594e-04,8.169571312145348374e-01,1.325089955698322552e-01,-3.266404130807478712e-01,4.564301177543281796e-01
6.917103576671850430e-04,6.223973327802252622e-04,6.610617625191609909e-04,1.619869291458048144e-01,4.853701656621909888e-01,-3.252515527516036120e-01,7.952279324216674494e-01
1.361159062440748938e-04,9.943236823243806449e-05,6.101352851745493787e-04,1.619869291458048144e-01,4.853701656621909888e-01,-3.252515527516036120e-01,7.952279324216674494e-01
9.913139764420140099e-04,4.064089194018230956e-04,5.359708827329215690e-04,1.619869291458048144e-01,4.853701656621909888e-01,-3.252515527516036120e-01,7.952279324216674494e-01
7.228755051838206590e-04,8.974346388763856193e-04,6.153566936485876330e-04,1.619869291458048144e-01,4.853701656621909888e-01,-3.252515527516036120e-01,7.952279324216674494e-01
7.541418127234567862e-05,9.212253482746325119e-05,9.263013844462683654e-04,1.619869291458048144e-01,4.853701656621909888e-01,-3.252515527516036120e-01,7.952279324216674494e-01
6.868493536491992362e-04,3.971862054316688159e-05,1.041812254322827018e-04,8.041790103013554125e-01,3.376212227275124933e-01,4.063947848594124945e-01,-2.723073781479006250e-01
4.970454979983618225e-05,6.894930503175524319e-04,2.575301147045242628e-04,8.041790103013554125e-01,3.376212227275124933e-01,4.063947848594124945e-01,-2.723073781479006250e-01
6.313017647710936946e-04,1.549232403844496035e-04,8.740489198442692124e-04,8.041790103013554125e-01,3.376212227275124933e-01,4.063947848594124945e-01,-2.723073781479006250e-01
3.063530195681453210e-04,2.588375641158777510e-04,3.300942065419754318e-04,8.041790103013554125e-01,3.376212227275124933e-01,4.063947848594124945e-01,-2.723073781479006250e-01
1.982585842689298529e-04,7.101364054018514038e-04,6.939975897716364923e-04,8.041790103013554125e-01,3.376212227275124933e-01,4.063947848594124945e-01,-2.723073781479006250e-01
8.685207464169237244e-04,1.521287988318582645e-04,9.016926168866379624e-04,2.294438925647188376e-01,8.114221397171397232e-01,3.786340683015139708e-01,-3.815571433783577215e-01
7.979259455308847096e-04,7.135624883766699929e-04,2.025231837943600741e-04,2.294438925647188376e-01,8.114221397171397232e-01,3.786340683015139708e-01,-3.815571433783577215e-01
1.531193528110870222e-04,2.038249241523626396e-05,2.816190660555897515e-04,2.294438925647188376e-01,8.114221397171397232e-01,3.786340683015139708e-01,-3.815571433783577215e-01
7.606841202710885224e-04,5.841323642087706833e-04,9.457395938844190926e-04,2.294438925647188376e-01,8.114221397171397232e-01,3.786340683015139708e-01,-3.815571433783577215e-01
5.837430942228767454e-04,1.952478758072087204e-04,7.973534777202872592e-04,2.294438925647188376e-01,8.114221397171397232e-01,3.786340683015139708e-01,-3.815571433783577215e-01
2.230803511884645789e-04,3.006585751652202137e-05,2.473388957307284092e-04,8.130825365160220253e-01,1.365391199126461674e-01,-3.404448396078775807e-01,4.520521747879532870e-01
9.800817110968004179e-04,9.209993701903348030e-04,3.064790811452935732e-04,8.130825365160220253e-01,1.365391199126461674e-01,-3.404448396078775807e-01,4.520521747879532870e-01
4.304075415602656002e-04,1.683117336365981217e-04,9.780346601471678544e-04,8.130825365160220253e-01,1.365391199126461674e-01,-3.404448396078775807e-01,4.520521747879532870e-01
2.590125933731628671e-04,2.660698143317662611e-04,8.832918033804647165e-04,8.130825365160220253e-01,1.365391199126461674e-01,-3.404448396078775807e-01,4.520521747879532870e-01
4.658293027145745595e-04,6.755372463457586050e-04,3.150857090452726869e-04,8.130825365160220253e-01,1.365391199126461674e-01,-3.404448396078775807e-01,4.520521747879532870e-01
2.067293538813156414e-04,3.094391101753888348e-04,7.355472139211228100e-04,4.223827651825749485e-01,-2.737078561531610665e-01,3.337245750578012732e-02,-8.634599517272281144e-01
5.017924090284077519e-04,1.555304932292239802e-04,8.648967821147971694e-04,4.223827651825749485e-01,-2.737078561531610665e-01,3.337245750578012732e-02,-8.634599517272281144e-01
5.644450735661300832e-04,8.690873548637567019e-04,8.710855857732686079e-04,4.223827651825749485e-01,-2.737078561531610665e-01,3.337245750578012732e-02,-8.634599517272281144e-01
9.056582249808217818e-04,7.068861476036302676e-04,3.101162953333437555e-04,4.223827651825749485e-01,-2.737078561531610665e-01,3.337245750578012732e-02,-8.634599517272281144e-01
2.696485381473490476e-04,8.543647207325754354e-04,1.112725958769733618e-05,4.223827651825749485e-01,-2.737078561531610665e-01,3.337245750578012732e-02,-8.634599517272281144e-01
7.957742463320872299e-05,2.715513652778395268e-04,4.574814716622294347e-04,3.171812736338817107e-01,8.006478938449796967e-01,2.244760463098505188e-01,-4.560367248047952904e-01
9.437196651311525021e-04,2.041227592461547586e-05,6.345145698383593096e-04,3.171812736338817107e-01,8.006478938449796967e-01,2.244760463098505188e-01,-4.560367248047952904e-01
2.067710304780737759e-04,8.773292958152020208e-04,7.540387247474140530e-04,3.171812736338817107e-01,8.006478938449796967e-01,2.244760463098505188e-01,-4.560367248047952904e-01
7.089237728088242877e-04,9.615541695284757738e-04,7.201792086133745581e-04,3.171812736338817107e-01,8.006478938449796967e-01,2.244760463098505188e-01,-4.560367248047952904e-01
1.053258344085602571e-04,5.730676378844189178e-04,1.407788182466576177e-04,3.171812736338817107e-01,8.006478938449796967e-01,2.244760463098505188e-01,-4.560367248047952904e-01
3.285886544057148527e-06,1.662030930041258250e-04,4.515948384048284862e-05,9.985596431808995907e-03,8.474588503707444209e-01,4.304322491014863639e-01,3.105509035981590116e-01
6.755488296217236318e-04,8.842220886184546345e-04,3.381517870016102247e-04,9.985596431808995907e-03,8.474588503707444209e-01,4.304322491014863639e-01,3.105509035981590116e-01
4.576644490296493339e-04,7.776246612549435767e-04,2.509871236475658064e-04,9.985596431808995907e-03,8.474588503707444209e-01,4.304322491014863639e-01,3.105509035981590116e-01
5.651664853172226914e-04,7.408732732028580886e-04,1.245219001512365311e-04,9.985596431808995907e-03,8.474588503707444209e-01,4.304322491014863639e-01,3.105509035981590116e-01
8.737470734222239433e-04,6.600023965881347560e-04,1.401321267087314310e-04,9.985596431808995907e-03,8.474588503707444209e-01,4.304322491014863639e-01,3.105509035981590116e-01
3.800273899625711445e-04,3.451713377814091994e-04,3.899941559621407242e-04,2.387140720817350903e-01,-1.499916177219933755e-01,3.286068061008326491e-01,-9.014076066838493384e-01
7.685281142219311601e-04,5.622122594957695754e-04,5.581566013916833876e-04,2.387140720817350903e-01,-1.499916177219933755e-01,3.286068061008326491e-01,-9.014076066838493384e-01
2.790911014164953917e-06,8.146295534647963283e-04,6.981064467366181713e-04,2.387140720817350903e-01,-1.499916177219933755e-01,3.286068061008326491e-01,-9.014076066838493384e-01
6.772467701977282406e-04,4.866256277874459130e-04,4.000070026851131662e-04,2.387140720817350903e-01,-1.499916177219933755e-01,3.286068061008326491e-01,-9.014076066838493384e-01
3.874536107614125874e-04,1.445073916241658126e-04,3.173213949595971115e-04,2.387140720817350903e-01,-1.499916177219933755e-01,3.286068061008326491e-01,-9.014076066838493384e-01
7.940606020042045941e-04,7.984359371072826230e-04,6.622001491521813240e-04,8.021611542153488372e-01,3.033078875993223678e-01,4.205601980083703006e-01,-2.960927689746856162e-01
6.822325283641434085e-04,7.292024209720780270e-04,4.754558897565015567e-04,8.021611542153488372e-01,3.033078875993223678e-01,4.205601980083703006e-01,-2.960927689746856162e-01
2.547314815419121777e-05,3.017758001074744185e-04,8.962526199030793322e-04,8.021611542153488372e-01,3.033078875993223678e-01,4.205601980083703006e-01,-2.960927689746856162e-01
5.862773772590996763e-04,2.201780683857701556e-04,1.298500132055422490e-04,8.021611542153488372e-01,3.033078875993223678e-01,4.205601980083703006e-01,-2.960927689746856162e-01
9.831297142506680627e-04,1.099452017331611328e-04,8.679223132412661797e-04,8.021611542153488372e-01,3.033078875993223678e-01,4.205601980083703006e-01,-2.960927689746856162e-01
9.185544460705519980e-05,7.055941568107666631e-04,1.827152410555029662e-04,6.911179896886479046e-01,-5.563949740756469753e-01,-5.355453422068590097e-02,4.581620554088776665e-01
2.165921317505472557e-04,8.397582959079978853e-04,5.983370518847721956e-04,6.911179896886479046e-01,-5.563949740756469753e-01,-5.355453422068590097e-02,4.581620554088776665e-01
1.853216955577927691e-04,9.642322910241554919e-04,5.970258163040797214e-04,6.911179896886479046e-01,-5.563949740756469753e-01,-5.355453422068590097e-02,4.581620554088776665e-01
8.944936798700998904e-04,5.272210428068518397e-04,2.116426647419828984e-04,6.911179896886479046e-01,-5.563949740756469753e-01,-5.355453422068590097e-02,4.581620554088776665e-01
8.864138480860808125e-04,9.320433782630220543e-04,9.740120961909631923e-04,6.911179896886479046e-01,-5.563949740756469753e-01,-5.355453422068590097e-02,4.581620554088776665e-01
4.340547902998177364e-04,3.346498308215283424e-04,2.532780591496020016e-04,8.271977219005751669e-01,-1.955531973030476822e-01,-3.504987090176152065e-01,-3.932601313177311875e-01
2.880273145587691676e-04,4.823587004419791630e-04,1.843801987455099243e-04,8.271977219005751669e-01,-1.955531973030476822e-01,-3.504987090176152065e-01,-3.932601313177311875e-01
3.201221587434643868e-04,7.168175822602280067e-04,4.984099111203638393e-04,8.271977219005751669e-01,-1.955531973030476822e-01,-3.504987090176152065e-01,-3.932601313177311875e-01
1.606384821876772945e-04,2.133086819991357659e-04,8.220304948742453849e-04,8.271977219005751669e-01,-1.955531973030476822e-01,-3.504987090176152065e-01,-3.932601313177311875e-01
8.012246251118597482e-04,3.857377575757956444e-04,2.265821691458935739e-05,8.271977219005751669e-01,-1.955531973030476822e-01,-3.504987090176152065e-01,-3.932601313177311875e-01
9.180496764350142220e-04,4.065460014378360497e-04,4.145483822841954449e-04,1.926955639957174671e-01,2.564236222203800097e-01,-9.172917619975428094e-01,-2.359897645136236344e-01
3.288419205625132805e-04,2.238314612469675057e-04,9.128274092859314879e-04,1.926955639957174671e-01,2.564236222203800097e-01,-9.172917619975428094e-01,-2.359897645136236344e-01
8.731363691761567097e-04,3.047291142025860839e-04,6.984683880179787989e-04,1.926955639957174671e-01,2.564236222203800097e-01,-9.172917619975428094e-01,-2.359897645136236344e-01
3.258466812547228513e-04,3.037442903403076203e-04,4.770034380523722486e-04,1.926955639957174671e-01,2.564236222203800097e-01,-9.172917619975428094e-01,-2.359897645136236344e-01
5.897013372095149608e-04,1.145095820839603380e-05,4.220855016857812917e-04,1.926955639957174671e-01,2.564236222203800097e-01,-9.172917619975428094e-01,-2.359897645136236344e-01
5.937595391133432873e-04,7.145295871428648067e-04,7.874048220282336887e-04,4.415755132109435710e-01,-2.700786313373947922e-01,7.017131685588288634e-03,8.555812988198834290e-01
4.319681070787582088e-04,6.066662241390693468e-04,8.807117607888526566e-04,4.415755132109435710e-01,-2.700786313373947922e-01,7.017131685588288634e-03,8.555812988198834290e-01
3.002394250806974716e-04,8.109261524723757704e-04,9.575239888466773389e-04,4.415755132109435710e-01,-2.700786313373947922e-01,7.017131685588288634e-03,8.555812988198834290e-01
8.389495472190757917e-04,9.772525224004101081e-04,3.732740644717231983e-04,4.415755132109435710e-01,-2.700786313373947922e-01,7.017131685588288634e-03,8.555812988198834290e-01
8.459323394263155906e-04,1.748877138941028577e-04,7.644825131032268210e-04,4.415755132109435710e-01,-2.700786313373947922e-01,7.017131685588288634e-03,8.555812988198834290e-01
9.915769009073548829e-04,4.293225471818401420e-04,4.105570539650562527e-04,3.522640656186669661e-01,5.664521819269922043e-01,-6.334546287998316094e-01,3.921443444906795306e-01
8.807869597452342878e-04,1.913097050190141373e-04,9.761996447066911050e-04,3.522640656186669661e-01,5.664521819269922043e-01,-6.334546287998316094e-01,3.921443444906795306e-01
8.883301258737367817e-04,3.055229613970754680e-04,9.936232400575011232e-04,3.522640656186669661e-01,5.664521819269922043e-01,-6.334546287998316094e-01,3.921443444906795306e-01
4.085599144602910355e-04,3.301297038993018795e-04,5.533270422640922332e-04,3.522640656186669661e-01,5.664521819269922043e-01,-6.334546287998316094e-01,3.921443444906795306e-01
7.496826322493100854e-04,4.626434491539455312e-04,2.800992117718232926e-04,3.522640656186669661e-01,5.664521819269922043e-01,-6.334546287998316094e-01,3.921443444906795306e-01
9.009853313864387781e-04,8.537318324389439909e-04,9.023343718827980722e-04,8.115929066068666708e-01,3.508398841654823408e-01,-4.396632946710646861e-01,1.578750041746737609e-01
1.715878949862801369e-04,3.248862898359006473e-04,4.236473357335558427e-04,8.115929066068666708e-01,3.508398841654823408e-01,-4.396632946710646861e-01,1.578750041746737609e-01
1.277794395756839420e-04,6.767795343591646298e-04,3.929381730540070080e-04,8.115929066068666708e-01,3.508398841654823408e-01,-4.396632946710646861e-01,1.578750041746737609e-01
8.057342940151971788e-04,1.757207363792487884e-04,8.773166025550503981e-04,8.115929066068666708e-01,3.508398841654823408e-01,-4.396632946710646861e-01,1.578750041746737609e-01
5.519789582503475809e-05,5.379730356027331850e-04,2.150067123675097967e-04,8.115929066068666708e-01,3.508398841654823408e-01,-4.396632946710646861e-01,1.578750041746737609e-01
1.587982341510033621e-04,4.034577352971576575e-04,4.484355182036615798e-04,5.470616841144462228e-01,7.320130876058145164e-01,3.984203927514838317e-01,7.836800359471392252e-02
4.069633409543266071e-04,9.539426104812074106e-04,1.117354901470147860e-04,5.470616841144462228e-01,7.320130876058145164e-01,3.984203927514838317e-01,7.836800359471392252e-02
9.566288635056159183e-04,7.142200420697640160e-04,7.365465335253983722e-04,5.470616841144462228e-01,7.320130876058145164e-01,3.984203927514838317e-01,7.836800359471392252e-02
3.474100224349085139e-04,9.651530688251061573e-04,3.950110051800385436e-04,5.470616841144462228e-01,7.320130876058145164e-01,3.984203927514838317e-01,7.836800359471392252e-02
5.115363774930253805e-04,3.377825763205177974e-04,5.278809522034056095e-05,5.470616841144462228e-01,7.320130876058145164e-01,3.984203927514838317e-01,7.836800359471392252e-02
4.588683380074465610e-05,5.731700789996770420e-04,3.681758814248200585e-04,6.880377812802503101e-02,-2.852325095419422363e-01,8.743765308061467456e-01,-3.864895056675185514e-01
1.339211176170846990e-04,9.490570515004805334e-04,4.254714252855757101e-04,6.880377812802503101e-02,-2.852325095419422363e-01,8.743765308061467456e-01,-3.864895056675185514e-01
9.047263588162251157e-04,1.799062467955357984e-04,9.626533846949301542e-04,6.880377812802503101e-02,-2.852325095419422363e-01,8.743765308061467456e-01,-3.864895056675185514e-01
4.051656153107302386e-04,6.403127948329520374e-04,3.214742614274057706e-05,6.880377812802503101e-02,-2.852325095419422363e-01,8.743765308061467456e-01,-3.864895056675185514e-01
4.612832275220268754e-04,6.436516222778959542e-04,1.810262365710081287e-04,6.880377812802503101e-02,-2.852325095419422363e-01,8.743765308061467456e-01,-3.864895056675185514e-01
4.461129637263634424e-04,8.184057340825061757e-04,5.484773372629810117e-04,1.038320373843532735e-01,4.690759999185077911e-01,-3.602890510863889229e-01,7.996114143634617255e-01
2.531414452618391394e-04,8.825012467540516257e-05,9.387010771345800919e-04,1.038320373843532735e-01,4.690759999185077911e-01,-3.602890510863889229e-01,7.996114143634617255e-01
5.318673588617334018e-04,5.725432741643551827e-04,3.502348141058225718e-04,1.038320373843532735e-01,4.690759999185077911e-01,-3.602890510863889229e-01,7.996114143634617255e-01
1.894864640653902768e-04,1.769919764335704598e-04,1.015289102170798842e-04,1.038320373843532735e-01,4.690759999185077911e-01,-3.602890510863889229e-01,7.996114143634617255e-01
2.112291854308606686e-04,7.359258554070387259e-04,3.533625952293972745e-05,1.038320373843532735e-01,4.690759999185077911e-01,-3.602890510863889229e-01,7.996114143634617255e-01
3.297101608776027292e-04,4.580635487317280606e-04,8.796859874986905168e-04,4.359596611487853712e-01,7.174641170136984991e-01,-7.985588583035033161e-02,-5.374080871619257849e-01
1.361040767892876123e-04,3.708240967130446491e-04,3.016501504348341185e-04,4.359596611487853712e-01,7.174641170136984991e-01,-7.985588583035033161e-02,-5.374080871619257849e-01
8.808725311430882707e-04,5.919948217646828692e-04,1.232407644551706258e-04,4.359596611487853712e-01,7.174641170136984991e-01,-7.985588583035033161e-02,-5.374080871619257849e-01
9.764375667880661634e-04,3.280321064484724523e-04,5.407042351785459411e-04,4.359596611487853712e-01,7.174641170136984991e-01,-7.985588583035033161e-02,-5.374080871619257849e-01
7.273138538454360536e-05,5.578677824106131628e-04,8.967087227956648671e-04,4.359596611487853712e-01,7.174641170136984991e-01,-7.985588583035033161e-02,-5.374080871619257849e-01
7.506716659819867446e-04,5.278087151667636449e-04,3.976869597635329851e-04,9.025883066368863838e-01,1.510408173613398686e-01,-2.151136766423177860e-01,-3.409503282511992528e-01
4.354049295835197187e-04,7.649034742731044504e-04,6.320386570729108608e-04,9.025883066368863838e-01,1.510408173613398686e-01,-2.151136766423177860e-01,-3.409503282511992528e-01
3.252705928121344585e-04,3.874018458850937404e-04,2.416448024232639084e-04,9.025883066368863838e-01,1.510408173613398686e-01,-2.151136766423177860e-01,-3.409503282511992528e-01
2.420831187218252102e-04,6.064074572850097680e-04,8.530968066597260143e-04,9.025883066368863838e-01,1.510408173613398686e-01,-2.151136766423177860e-01,-3.409503282511992528e-01
9.206100565461052378e-04,6.097043946895774370e-04,5.600994243703342210e-04,9.025883066368863838e-01,1.510408173613398686e-01,-2.151136766423177860e-01,-3.409503282511992528e-01
7.133871515631874617e-04,2.414092206916285111e-04,6.818163972782173956e-04,2.242889291727330758e-01,4.324937792530082481e-01,3.266602903221462184e-01,-8.098991677268535527e-01
6.150974583946416854e-04,5.259192638348240143e-04,4.047259411485655328e-04,2.242889291727330758e-01,4.324937792530082481e-01,3.266602903221462184e-01,-8.098991677268535527e-01
9.663096719572586554e-04,7.112742065466899286e-04,2.766561999759299282e-04,2.242889291727330758e-01,4.324937792530082481e-01,3.266602903221462184e-01,-8.098991677268535527e-01
7.188315383445806816e-04,3.986482891652795937e-04,3.476319231285405066e-04,2.242889291727330758e-01,4.324937792530082481e-01,3.266602903221462184e-01,-8.098991677268535527e-01
1.041705717769493284e-04,6.820836980071784189e-04,9.581400671899193301e-04,2.242889291727330758e-01,4.324937792530082481e-01,3.266602903221462184e-01,-8.098991677268535527e-01
3.857592460055794099e-04,2.950701796208047537e-04,6.286387507977418427e-04,7.358092642532333416e-01,4.226940419488353085e-01,-5.290487905383396416e-01,-4.674480718934614920e-03
5.776746331378590409e-06,6.043538266656891004e-04,4.926306738992614450e-05,7.358092642532333416e-01,4.226940419488353085e-01,-5.290487905383396416e-01,-4.674480718934614920e-03
1.647725454991722145e-05,1.463164618687877764e-04,3.656359591899244329e-04,7.358092642532333416e-01,4.226940419488353085e-01,-5.290487905383396416e-01,-4.674480718934614920e-03
9.406000230915939446e-04,4.710687400506479296e-04,3.544446035124560303e-05,7.358092642532333416e-01,4.226940419488353085e-01,-5.290487905383396416e-01,-4.674480718934614920e-03
1.358867036997827367e-04,8.413388145149606470e-04,3.280575639451608402e-04,7.358092642532333416e-01,4.226940419488353085e-01,-5.290487905383396416e-01,-4.674480718934614920e-03
9.969948231609523405e-04,8.001633607334675139e-04,6.121088379863949980e-04,2.657818494201623083e-01,1.375795158302799137e-01,2.706498132610613006e-01,9.149757176693033012e-01
7.089281125934054646e-04,9.615213765383846855e-04,5.225257568099936096e-04,2.657818494201623083e-01,1.375795158302799137e-01,2.706498132610613006e-01,9.149757176693033012e-01
6.202972097923487634e-04,6.041844690907735094e-04,5.968742028966448569e-04,2.657818494201623083e-01,1.375795158302799137e-01,2.706498132610613006e-01,9.149757176693033012e-01
5.127415633183656299e-04,4.677922359041030245e-04,3.072457670109118052e-04,2.657818494201623083e-01,1.375795158302799137e-01,2.706498132610613006e-01,9.149757176693033012e-01
6.261292785123528644e-05,9.996135209487642687e-04,1.622869391455749038e-04,2.657818494201623083e-01,1.375795158302799137e-01,2.706498132610613006e-01,9.149757176693033012e-01
2.626762767933870290e-04,6.647004910912040002e-04,4.843316196709223308e-04,3.159261342024439201e-01,4.596212207579701836e-01,8.087725215142619328e-01,-1.866173078798303298e-01
1.527352008029784190e-04,2.020029814202659729e-04,8.310835626233847688e-04,3.159261342024439201e-01,4.596212207579701836e-01,8.087725215142619328e-01,-1.866173078798303298e-01
3.554317306042776713e-04,6.358300216845630968e-04,7.691405489657636603e-04,3.159261342024439201e-01,4.596212207579701836e-01,8.087725215142619328e-01,-1.866173078798303298e-01
5.926858931874469860e-04,2.546152915935494645e-04,1.626766285039592437e-04,3.159261342024439201e-01,4.596212207579701836e-01,8.087725215142619328e-01,-1.866173078798303298e-01
8.207434713146247781e-04,8.345108824315490602e-04,4.468065130646829198e-04,3.159261342024439201e-01,4.596212207579701836e-01,8.087725215142619328e-01,-1.866173078798303298e-01
4.554199089525913470e-04,3.329160988098547164e-04,7.053113830211188602e-04,2.932259806149356551e-01,2.297914171474704226e-01,-1.879556116934295029e-01,-9.087833168201953082e-01
1.873126216262664917e-04,6.901287115197125366e-04,7.222114383300972090e-04,2.932259806149356551e-01,2.297914171474704226e-01,-1.879556116934295029e-01,-9.087833168201953082e-01
3.654944691712296522e-04,4.718505921842419580e-07,5.830307100329211369e-04,2.932259806149356551e-01,2.297914171474704226e-01,-1.879556116934295029e-01,-9.087833168201953082e-01
9.762076303878175617e-04,1.472043385673800324e-04,1.738495679439769858e-04,2.932259806149356551e-01,2.297914171474704226e-01,-1.879556116934295029e-01,-9.087833168201953082e-01
1.462088167645052522e-04,7.530239985081060763e-04,6.915011665403830114e-04,2.932259806149356551e-01,2.297914171474704226e-01,-1.879556116934295029e-01,-9.087833168201953082e-01
9.275947262680285825e-04,6.330690226735335080e-04,4.201325801406552776e-04,9.428902053175215736e-02,-3.965548834656262844e-01,-7.282899969974894194e-01,5.508606768322849012e-01
3.429659612779185733e-04,3.238137487546073590e-04,2.053975286615203886e-04,9.428902053175215736e-02,-3.965548834656262844e-01,-7.282899969974894194e-01,5.508606768322849012e-01
9.644934240632760001e-04,6.868970250475800107e-04,4.231871341820754432e-04,9.428902053175215736e-02,-3.965548834656262844e-01,-7.282899969974894194e-01,5.508606768322849012e-01
2.009757469304725977e-04,1.766982516259557568e-04,6.650734216260548908e-04,9.428902053175215736e-02,-3.965548834656262844e-01,-7.282899969974894194e-01,5.508606768322849012e-01
9.210097495700368762e-04,1.613288878378141972e-04,9.982674610084841561e-04,9.428902053175215736e-02,-3.965548834656262844e-01,-7.282899969974894194e-01,5.508606768322849012e-01
9.424543337932881617e-04,3.547270929560700811e-04,7.010530572214191021e-04,3.538531136558711876e-01,-3.948638017406934098e-01,3.003988446133890600e-01,7.928625897252766785e-01
9.534420089407995812e-04,5.510816664816249122e-04,3.348503342247779340e-04,3.538531136558711876e-01,-3.948638017406934098e-01,3.003988446133890600e-01,7.928625897252766785e-01
8.235495921855370697e-04,6.708692504357379469e-04,1.334593254507254756e-04,3.538531136558711876e-01,-3.948638017406934098e-01,3.003988446133890600e-01,7.928625897252766785e-01
4.166789326181171977e-04,2.556258866664439270e-04,8.140920431631103312e-04,3.538531136558711876e-01,-3.948638017406934098e-01,3.003988446133890600e-01,7.928625897252766785e-01
5.684607459740099013e-04,4.536389396239919177e-04,8.168510476365218459e-04,3.538531136558711876e-01,-3.948638017406934098e-01,3.003988446133890600e-01,7.928625897252766785e-01
5.478315956818204189e-04,5.198113036468841267e-04,2.520402174624811610e-04,8.810236849693708905e-01,-1.117049313700128610e-01,2.635933348563452294e-01,-3.766136331174455565e-01
6.043934453400530817e-04,5.181053186741293353e-04,7.739969266406702226e-04,8.810236849693708905e-01,-1.117049313700128610e-01,2.635933348563452294e-01,-3.766136331174455565e-01
1.773956741193304305e-04,8.850647061113555520e-04,6.139217989642009843e-06,8.810236849693708905e-01,-1.117049313700128610e-01,2.635933348563452294e-01,-3.766136331174455565e-01
5.388915002179073526e-04,6.555955846066247473e-04,7.518676239355426459e-06,8.810236849693708905e-01,-1.117049313700128610e-01,2.635933348563452294e-01,-3.766136331174455565e-01
9.006840862225619793e-04,5.901899853602849810e-04,3.254591996785297895e-04,8.810236849693708905e-01,-1.117049313700128610e-01,2.635933348563452294e-01,-3.766136331174455565e-01
9.339234049467554045e-04,7.462015765485991662e-04,6.660626393583804006e-04,8.314929945714177872e-01,1.949343800988347086e-01,-3.303427034560330600e-01,4.018627697454674741e-01
5.406967325500720498e-04,6.719448953119896420e-04,1.223043823059475330e-04,8.314929945714177872e-01,1.949343800988347086e-01,-3.303427034560330600e-01,4.018627697454674741e-01
7.382576158161669160e-05,1.862991678602614570e-04,5.760686574966464302e-04,8.314929945714177872e-01,1.949343800988347086e-01,-3.303427034560330600e-01,4.018627697454674741e-01
8.284578324549709497e-04,4.486995370240023560e-04,1.091939724091655148e-04,8.314929945714177872e-01,1.949343800988347086e-01,-3.303427034560330600e-01,4.018627697454674741e-01
2.145115764160792217e-04,7.065032563872943516e-04,1.172486820421273515e-04,8.314929945714177872e-01,1.949343800988347086e-01,-3.303427034560330600e-01,4.018627697454674741e-01
4.741965031929192692e-04,2.323397420508431890e-04,5.698598949081701173e-05,3.620874295631789641e-01,-2.622027061794704461e-01,1.109359234697517571e-01,-8.876010675457784993e-01
1.460725354587860821e-04,2.884059146213541181e-04,1.977121999727952202e-04,3.620874295631789641e-01,-2.622027061794704461e-01,1.109359234697517571e-01,-8.876010675457784993e-01
9.002315534725668575e-04,3.294235398920762701e-04,1.328377926951488492e-04,3.620874295631789641e-01,-2.622027061794704461e-01,1.109359234697517571e-01,-8.876010675457784993e-01
5.537131185355159864e-04,9.773545118392120128e-04,1.454814635514927216e-04,3.620874295631789641e-01,-2.622027061794704461e-01,1.109359234697517571e-01,-8.876010675457784993e-01
5.940512836086210254e-04,4.857124671414356828e-04,1.856896265633353174e-04,3.620874295631789641e-01,-2.622027061794704461e-01,1.109359234697517571e-01,-8.876010675457784993e-01
3.665726340078667921e-06,8.890331336823810394e-04,9.008884147773139200e-04,4.492671035368331900e-01,-7.084650873476354693e-01,-1.208384606613392351e-02,5.441417741300346167e-01
6.498723595409336071e-04,5.213082193200146812e-04,4.060123027864344088e-04,4.492671035368331900e-01,-7.084650873476354693e-01,-1.208384606613392351e-02,5.441417741300346167e-01
6.023368136914744164e-04,5.582994866578039556e-04,5.690044413654678441e-04,4.492671035368331900e-01,-7.084650873476354693e-01,-1.208384606613392351e-02,5.441417741300346167e-01
7.792122635879908908e-04,8.985566005704011434e-04,3.830753264561431791e-04,4.492671035368331900e-01,-7.084650873476354693e-01,-1.208384606613392351e-02,5.441417741300346167e-01
3.630705176799313709e-04,8.317265183409580176e-04,5.382319585479444866e-05,4.492671035368331900e-01,-7.084650873476354693e-01,-1.208384606613392351e-02,5.441417741300346167e-01
9.536052478351888422e-04,1.890574143386679654e-04,2.369926461182614500e-05,3.558029740088670123e-01,3.730022779497141339e-01,3.129516060517933962e-01,-7.977059838062974251e-01
1.869422917399122847e-04,7.887462568792539793e-04,6.847162471514189679e-05,3.558029740088670123e-01,3.730022779497141339e-01,3.129516060517933962e-01,-7.977059838062974251e-01
3.954763625635046294e-04,5.898882750123258471e-04,7.294010975717131516e-04,3.558029740088670123e-01,3.730022779497141339e-01,3.129516060517933962e-01,-7.977059838062974251e-01
5.964977621212230551e-05,8.908706618889331887e-04,4.466136998639338431e-04,3.558029740088670123e-01,3.730022779497141339e-01,3.129516060517933962e-01,-7.977059838062974251e-01
2.870945457217616162e-04,9.973539769926736964e-04,1.597155398593219782e-05,3.558029740088670123e-01,3.730022779497141339e-01,3.129516060517933962e-01,-7.977059838062974251e-01
5.371739614444901584e-04,4.589224758765164777e-05,1.588417847009171454e-05,1.411508083554788850e-01,-8.251143027304422839e-01,4.517118293906133841e-01,3.085761817101836946e-01
2.612852994560605239e-04,7.486826744703274335e-04,6.276008844225348503e-04,1.411508083554788850e-01,-8.251143027304422839e-01,4.517118293906133841e-01,3.085761817101836946e-01
1.095702100357367510e-04,3.937416191613918721e-05,1.861229769037749874e-04,1.411508083554788850e-01,-8.251143027304422839e-01,4.517118293906133841e-01,3.085761817101836946e-01
7.155542755434361312e-04,5.196962570719294372e-04,7.485433678497436724e-04,1.411508083554788850e-01,-8.251143027304422839e-01,4.517118293906133841e-01,3.085761817101836946e-01
9.812688903751809846e-05,8.380081793282317384e-04,9.526387173548090542e-05,1.411508083554788850e-01,-8.251143027304422839e-01,4.517118293906133841e-01,3.085761817101836946e-01
5.246687348865997194e-05,1.854498390079503201e-04,3.575557818623420692e-05,9.864581024501008211e-02,-4.721993960282659941e-01,-6.651585126571172291e-01,5.699656898019545004e-01
3.922619880093382197e-04,5.369216204672831207e-04,8.300943992483058274e-04,9.864581024501008211e-02,-4.721993960282659941e-01,-6.651585126571172291e-01,5.699656898019545004e-01
5.590749730346841924e-04,5.783056148928773788e-04,9.707477755121637041e-04,9.864581024501008211e-02,-4.721993960282659941e-01,-6.651585126571172291e-01,5.699656898019545004e-01
2.640427332390067605e-04,7.256745173146251018e-04,1.190553949994717072e-04,9.864581024501008211e-02,-4.721993960282659941e-01,-6.651585126571172291e-01,5.699656898019545004e-01
6.828637317569666776e-04,4.793601964483718025e-04,6.376349759433193104e-04,9.864581024501008211e-02,-4.721993960282659941e-01,-6.651585126571172291e-01,5.699656898019545004e-01
1.896621225959916821e-04,1.106715980938223232e-04,4.448751205865538838e-04,6.170579385023992891e-02,-8.732772034944256134e-01,-3.912767536683980918e-01,2.836931844457794560e-01
3.497479104571860130e-04,2.213942870599169355e-04,7.997854741299440873e-04,6.170579385023992891e-02,-8.732772034944256134e-01,-3.912767536683980918e-01,2.836931844457794560e-01
8.572864904975662807e-06,4.228346829096988669e-04,8.896287032527024378e-04,6.170579385023992891e-02,-8.732772034944256134e-01,-3.912767536683980918e-01,2.836931844457794560e-01
1.998408784545062779e-04,5.897571799067223303e-04,1.017503308057439155e-04,6.170579385023992891e-02,-8.732772034944256134e-01,-3.912767536683980918e-01,2.836931844457794560e-01
8.504153521745596786e-04,4.098395346453052998e-04,3.258677116297039786e-04,6.170579385023992891e-02,-8.732772034944256134e-01,-3.912767536683980918e-01,2.836931844457794560e-01
3.530669878400821650e-04,7.385306669250308719e-04,1.510789803638310424e-04,2.870951360460948787e-01,7.019070888233616134e-01,-6.153881919148039836e-01,2.149423056776307850e-01
7.444253922795734642e-04,9.478349964676825029e-04,8.245922614724751501e-04,2.870951360460948787e-01,7.019070888233616134e-01,-6.153881919148039836e-01,2.149423056776307850e-01
6.100762495365201141e-04,4.711474200147939347e-04,6.710700084212097580e-04,2.870951360460948787e-01,7.019070888233616134e-01,-6.153881919148039836e-01,2.149423056776307850e-01
8.173964713801204485e-04,7.478278854469972521e-04,7.806152675804427406e-04,2.870951360460948787e-01,7.019070888233616134e-01,-6.153881919148039836e-01,2.149423056776307850e-01
5.605084094400859286e-04,9.493267953826322724e-04,2.920777084654985222e-04,2.870951360460948787e-01,7.019070888233616134e-01,-6.153881919148039836e-01,2.149423056776307850e-01
4.891695340730362350e-05,1.895528044950450753e-04,2.417793982252717318e-04,3.349714930054537021e-01,4.130101639414995307e-01,2.733563354269924472e-01,-8.015566213541240881e-01
5.433461801833927541e-05,2.191453757765752380e-04,1.809083391648116294e-04,3.349714930054537021e-01,4.130101639414995307e-01,2.733563354269924472e-01,-8.015566213541240881e-01
1.198201618274807927e-04,9.197925274316728862e-04,8.917243459793315445e-04,3.349714930054537021e-01,4.130101639414995307e-01,2.733563354269924472e-01,-8.015566213541240881e-01
4.009091206054267074e-04,4.109437946014536853e-04,6.369180668849380072e-04,3.349714930054537021e-01,4.130101639414995307e-01,2.733563354269924472e-01,-8.015566213541240881e-01
3.751271891652945413e-04,3.507325585219801594e-04,6.645850357162548039e-04,3.349714930054537021e-01,4.130101639414995307e-01,2.733563354269924472e-01,-8.015566213541240881e-01
